"student_id","study_hours","grade"
1,9.15,91.91
2,9.37,86.81
3,2.86,53.39
4,8.3,85.52
5,6.42,77.98
6,5.19,65.79
7,7.37,81.02
8,1.35,54.74
9,6.57,79.65
10,7.05,88.35
11,4.58,43.97
12,7.19,79.4
13,9.35,88.28
14,2.55,45.11
15,4.62,55.59
16,9.4,92.24
17,9.78,85.36
18,1.17,43.27
19,4.75,68.82
20,5.6,79.45
21,9.04,100
22,1.39,54.63
23,9.89,100
24,9.47,100
25,0.82,47.46
26,5.14,68.25
27,3.9,78.82
28,9.06,75.16
29,4.47,62.99
30,8.36,83.72
31,7.38,53.48
32,8.11,77.04
33,3.88,62.87
34,6.85,45.97
35,0.04,43.88
36,8.33,78.79
37,0.07,44.79
38,2.08,57.56
39,9.07,99.57
40,6.12,53.74
41,3.8,59.4
42,4.36,55.46
43,0.37,42.17
44,9.74,87.39
45,4.32,49.83
46,9.58,69.81
47,8.88,100
48,6.4,58.75
49,9.71,91.3
50,6.19,59.85
51,3.33,71.75
52,3.47,39.66
53,3.98,51.04
54,7.85,67.04
55,0.39,42.45
56,7.49,72.53
57,6.77,97.71
58,1.71,48.52
59,2.61,66.37
60,5.14,73.93
61,6.76,80.64
62,9.83,94.3
63,7.6,80.72
64,5.66,61.19
65,8.5,79.05
66,1.89,54.16
67,2.71,28.81
68,8.28,62.85
69,6.93,70.46
70,2.41,33.37
71,0.43,43.28
72,1.4,51.72
73,2.16,59.67
74,4.79,75.11
75,1.97,55.54
76,7.19,81.43
77,0.08,42.79
78,3.75,59.12
79,5.14,57.64
80,0.02,62.35
81,5.82,61.15
82,1.58,64.87
83,3.59,67.34
84,6.46,92.63
85,7.76,86.11
86,5.64,63.98
87,2.34,48.59
88,0.9,30.89
89,0.86,54.66
90,3.05,55.72
91,6.67,72.79
92,0,40.78
93,2.09,44.09
94,9.33,82.42
95,9.26,94.05
96,7.34,89.81
97,3.33,57.24
98,5.15,68.21
99,7.44,79.52
100,6.19,72.85
101,6.26,68.89
102,2.17,56.58
103,2.17,57.89
104,3.89,61.5
105,9.42,92.64
106,9.63,82.44
107,7.4,78.92
108,7.33,82.88
109,5.36,65.72
110,0.02,38.87
111,6.09,65.8
112,8.37,87.57
113,7.52,80.13
114,4.53,89.36
115,5.36,65.44
116,5.37,67.98
117,0.01,29.97
118,3.56,66.66
119,6.12,67.53
120,8.29,82.78
121,3.57,67.29
122,4.11,75.79
123,5.73,66.2
124,5.9,65.92
125,7.2,78.06
126,3.95,71.84
127,9.19,87.13
128,9.63,90.05
129,2.34,59.54
130,7.24,83.62
131,9.04,96.05
132,6.03,50.65
133,6.32,59.75
134,9.37,75.06
135,8.5,86.29
136,5.8,55.42
137,8.21,78.78
138,1.14,49.92
139,7.65,97.63
140,6.24,68.77
141,1.48,47.21
142,0.8,46.37
143,4.64,57.25
144,7.79,46.97
145,7.34,91.79
146,8.17,77.43
147,1.7,41.34
148,9.45,90.12
149,2.94,48.51
150,1.49,56.66
151,7.19,71.43
152,3.24,64.76
153,7.79,76.61
154,3.94,49.94
155,6.79,81.3
156,7.76,100
157,1.88,39.47
158,0.29,37.05
159,1.36,35.09
160,6.8,89.93
161,9.35,88.01
162,5.5,44.25
163,6.02,48.12
164,1.97,59.24
165,5.35,69.75
166,1.8,29.08
167,4.52,50.55
168,3.17,59.84
169,1.16,46.26
170,1.86,30.64
171,7.3,84.01
172,4.12,56.34
173,4.14,73.14
174,4.8,68.52
175,4.27,73.2
176,1.36,27.18
177,8.25,88.7
178,5.92,80.13
179,7.94,84.96
180,7.69,67.3
181,9.18,85.43
182,8.63,63.96
183,3.17,50.13
184,2.59,45.48
185,7.42,80.57
186,7.47,99.01
187,9.18,89.26
188,7.93,75.48
189,1.33,55.9
190,2.88,62.06
191,1.95,52.22
192,7.84,72.63
193,1.29,52.27
194,1.29,53.36
195,0.72,46.53
196,0.53,61.89
197,5.32,89.66
198,1.12,35.72
199,7.43,81.17
200,7.31,64.24
201,8.85,78.81
202,5.17,61.51
203,8.52,81.19
204,4.43,79.72
205,1.58,39.59
206,4.42,67.26
207,9.68,96.26
208,4.85,66.65
209,2.52,58.22
210,2.6,46.48
211,5.42,62.52
212,6.5,65.69
213,3.36,34.9
214,0.61,49.31
215,4.51,58.41
216,8.39,80.17
217,5.75,75.38
218,3.53,58.17
219,5.47,66.26
220,8.93,79.34
221,4.9,80.66
222,1.72,49.98
223,5.43,68.35
224,9.61,97.87
225,3.14,59.48
226,8.21,72.22
227,3.07,51.29
228,1.85,41.5
229,0.48,25.58
230,2.46,50.61
231,3.51,63.49
232,1.59,42.77
233,3.04,59.62
234,0.18,48.43
235,9.97,88.7
236,8.04,75.47
237,0.87,37.31
238,8.7,80.7
239,5.55,83.37
240,4.21,61.98
241,0.68,38.76
242,5.61,63.57
243,0.71,44.27
244,2.11,51.88
245,5.5,80.94
246,4.82,59.87
247,1.59,57.74
248,1.5,41.17
249,4.99,67.16
250,9.41,83.57
251,3.34,66.77
252,1.88,63.39
253,2.7,68.84
254,5.31,73.38
255,0.21,36.02
256,7.99,78.7
257,1.1,48.53
258,5.4,46.12
259,5.71,82.77
260,6.19,60.26
261,7.15,71.15
262,1.23,59.48
263,3.11,59.65
264,9.46,92.01
265,5,57.5
266,1.35,30.74
267,8.69,75.55
268,2.05,55.27
269,9.25,93.42
270,8.87,84.77
271,1.36,42.87
272,7.85,83.07
273,4.53,56.44
274,1.36,51.9
275,8.85,73.25
276,3.37,75.45
277,3.19,28.91
278,4.04,74.37
279,4.79,57.4
280,3.68,70.92
281,4.66,48.68
282,0.5,39.19
283,1.87,51.48
284,9.83,79.04
285,3.28,51.07
286,1.71,53.5
287,4.88,69.9
288,0.19,28.66
289,3.39,46.91
290,0.3,43.55
291,8.67,97.54
292,7.32,84.06
293,3.15,40.57
294,3.86,52.12
295,3.32,38.24
296,0.9,52.33
297,7.57,69.14
298,6.03,70.04
299,1.45,53.36
300,0.33,40.3
301,4.84,55.69
302,4.45,63.38
303,0.6,29.71
304,3.28,80.12
305,8.78,58.96
306,9.31,100
307,3.92,65.32
308,1.59,42.1
309,3.2,58.75
310,3.07,54.87
311,1.08,67.92
312,9.79,100
313,4.97,72.51
314,0.93,41.81
315,2.12,52.11
316,9.31,78.71
317,2.97,45.27
318,6.53,69.62
319,9.01,100
320,9.91,84.76
321,4.3,64.28
322,3.94,72.62
323,1.42,51.34
324,2.8,59.27
325,5.65,61.7
326,9.35,87.97
327,3.58,48.05
328,8.42,74.54
329,7.22,64.51
330,7.51,73.11
331,9.24,89.55
332,0.02,39.11
333,1.6,38.27
334,3.99,50.23
335,6.75,60.36
336,4.8,68.16
337,5.34,69.43
338,3.17,41.71
339,8.15,63.92
340,2.92,53.91
341,4.09,55.85
342,0.91,32.47
343,7.99,90.33
344,3.6,57.33
345,0.4,41.83
346,0.41,48.21
347,9.54,91.93
348,3.73,55.39
349,8.06,68.98
350,9.1,97.33
351,4.4,44.9
352,5.76,82.61
353,0.74,38.27
354,1.65,68.99
355,7.4,74.95
356,4.76,58.27
357,6.86,74.69
358,9.52,100
359,4.97,46.78
360,4.71,60.45
361,5.6,70.96
362,6.53,74.1
363,2.8,55.14
364,9.8,85.76
365,6.44,60.79
366,5.83,97.74
367,6.16,56.28
368,9.25,96.09
369,3.9,48.42
370,2.88,34.41
371,0.91,46.04
372,3.22,77.19
373,7.58,84.21
374,1.04,28.84
375,7.1,68.93
376,9.66,80.82
377,2.01,38.62
378,1.08,55.7
379,0.55,67.55
380,8.3,66.95
381,5.81,77.28
382,4.7,52.84
383,3.65,69.19
384,2.8,56.21
385,6,67.15
386,8.19,88.03
387,0.98,67
388,9.64,100
389,1.69,46.47
390,0.86,51.86
391,8.61,72.12
392,5.25,70.54
393,6.57,82.45
394,2.3,56.07
395,7.21,70.1
396,4.91,64.09
397,9.65,82.45
398,9.07,89.78
399,5.51,64.46
400,0.76,41.55
401,0.23,34.81
402,5.13,76.33
403,6.31,74.91
404,4.19,51.4
405,8.79,86.48
406,1.08,39.92
407,9.8,90.05
408,2.65,71.91
409,0.84,33.8
410,3.86,61.5
411,1.25,32.01
412,5.82,75.24
413,2.4,37.59
414,7.22,59.08
415,1.46,52.87
416,1.53,40.14
417,2.59,33.25
418,7.78,65.65
419,4.26,72.08
420,0.6,44.76
421,1.15,47.82
422,4.83,73.07
423,9.79,90.94
424,8.12,48.76
425,5.43,67.34
426,0.72,29.68
427,4.66,53.99
428,3.4,40.7
429,6.9,78.19
430,5.14,88.56
431,5.15,70.61
432,5.46,86.6
433,4.47,60.05
434,0.84,38.82
435,9.3,94.37
436,0.16,28.3
437,4.14,47.46
438,2.27,21.67
439,1,22.72
440,4.83,59.73
441,6.5,73.75
442,9.21,82.57
443,3.63,39.1
444,8.55,71.22
445,3.01,47.15
446,4.66,72.28
447,1.43,50.3
448,8.08,72.12
449,6.66,57.14
450,0.62,41.43
451,4.31,43.78
452,3.97,53.17
453,6.97,71.77
454,6.59,85.19
455,4.07,69.33
456,3.07,57.39
457,2.55,50.6
458,6.73,68.75
459,8.94,90.74
460,8.46,68.35
461,3.93,56.1
462,0.79,56.26
463,8.28,73.29
464,0.73,28.38
465,1.15,45.75
466,6.4,74.95
467,3.21,73.09
468,1.89,40.36
469,3.94,54.43
470,8.62,95.5
471,3.48,54.72
472,0.01,43.11
473,9.11,90.27
474,9.52,100
475,4.91,73.72
476,4.64,62.77
477,5.96,56.93
478,9.06,84.51
479,1.73,56.05
480,7.86,92.06
481,2.33,58.3
482,5.77,53.63
483,8.41,83.31
484,1.32,35.3
485,8.96,80.02
486,4.5,51.52
487,8.94,100
488,2.49,50.59
489,0.84,62.8
490,0.49,25.01
491,9.8,81.16
492,4.84,72.16
493,8.45,76.95
494,4.16,80.67
495,4.89,57.95
496,1.83,27.59
497,7.59,77.04
498,3.05,51.28
499,1.66,46.9
500,0.33,33.38
501,1.37,39.97
502,1.77,40.93
503,5.2,61.91
504,8.11,69.07
505,1.15,56.93
506,8.93,75.88
507,5.75,81.56
508,1.47,32.79
509,9.03,93.56
510,2.53,46.62
511,1.51,48.85
512,7.69,86.07
513,2.3,42.33
514,3.05,57.64
515,5.19,65.48
516,3.35,45.54
517,1.54,53.49
518,2.66,30.3
519,3.51,72.98
520,5.78,80.89
521,8.09,78.41
522,9.33,82.34
523,8.34,85.16
524,1.27,41.5
525,6.49,70.52
526,6.9,76.82
527,0.32,40.66
528,9.2,100
529,4.78,60.57
530,2.67,44.57
531,8.57,71.5
532,2.29,45.8
533,7.92,69.85
534,6.47,81.79
535,4.24,63.69
536,0.95,43.71
537,0.03,40.45
538,5.31,57.48
539,5.24,89.72
540,2.13,58.75
541,7.17,83.69
542,9.61,89.77
543,5.18,67.51
544,1.75,55.51
545,5.63,72.47
546,7.59,85.77
547,6.67,68.9
548,2.25,63.96
549,3.46,42.56
550,3.2,74.25
551,9.05,84.42
552,1.99,52.03
553,6.81,73.47
554,1.38,38.45
555,1.07,40.68
556,0.93,59.81
557,9.16,100
558,2.77,43.29
559,8.86,87.84
560,7.73,73.27
561,7.95,80.66
562,2.06,53.77
563,0.48,37.23
564,0.39,44.81
565,2.85,70.91
566,3.49,46.63
567,7.37,72.89
568,2.52,55.56
569,5.17,69.61
570,7.59,78.65
571,6.36,75.27
572,2.04,48.55
573,9.93,91.55
574,0,39.33
575,2.07,59.49
576,6.34,78.81
577,0.17,40.67
578,0.27,54.47
579,6.08,72.1
580,5.71,74.32
581,2.46,54.57
582,9.2,79.85
583,6.72,80.95
584,6.45,53.77
585,2.08,40.73
586,4.81,70.31
587,9.87,100
588,9.93,74.59
589,4.51,74.36
590,7.15,62.4
591,3.17,49.86
592,8.34,68.39
593,4.34,59.88
594,9.96,90.29
595,8.06,84.41
596,4.86,60.09
597,5.39,66.74
598,3.41,60.08
599,0.52,32.88
600,4.59,55.92
601,4.98,78.69
602,2.83,24.61
603,7.76,88.38
604,3.04,65.79
605,5.16,79.29
606,4.78,59.88
607,7.69,86.84
608,1.64,50.35
609,4.42,55.71
610,5.23,71.7
611,4.77,67.55
612,5.25,62.34
613,6.85,69.66
614,3.52,54.93
615,8.4,87
616,9.22,85.57
617,1.06,31.79
618,2.07,53.41
619,4.87,60.66
620,3.24,63.8
621,4.72,51.5
622,5.86,50.22
623,2.24,46.22
624,7.34,70.33
625,1.5,54.29
626,6.98,56.18
627,2.64,42.52
628,4.26,60.06
629,7.21,68.7
630,4.74,61.81
631,3.39,44.95
632,2.41,43.79
633,2.16,41.62
634,2.42,34.66
635,5.65,72.08
636,7.13,70.22
637,1.08,39.85
638,5.19,77.04
639,8.52,89.29
640,7.15,68.79
641,3.14,64.5
642,1.16,42
643,5.75,64.44
644,8.31,83.23
645,5.2,67.42
646,6.94,73.63
647,5,62.48
648,3.54,61.71
649,9.65,98.18
650,9.22,82.17
651,2.05,64.75
652,9.55,79.4
653,8.74,100
654,6.97,83.07
655,5.13,62.01
656,4.81,42.78
657,2.02,46.11
658,1,41.54
659,4.73,78.08
660,3.12,59.37
661,7.72,60.41
662,9.01,87.78
663,3.35,47.33
664,8.24,64.19
665,2.2,60.19
666,7.66,84.32
667,5.61,64.04
668,4.23,75.55
669,8.39,78.81
670,2.87,37.51
671,4.71,72.65
672,7.81,72.29
673,0.83,45.51
674,3.95,50.49
675,0.96,31.74
676,1.33,51.08
677,2.21,42.07
678,2.74,48.29
679,2.99,62.19
680,3.75,33.12
681,4.91,55.2
682,8.79,99.23
683,7.49,77.38
684,9.55,70.93
685,3.32,56.1
686,8.24,81.66
687,1.33,38.87
688,1.25,39.38
689,7.28,76.02
690,5.48,75.82
691,6.09,62.01
692,1.23,53.31
693,8.76,65.15
694,8.42,100
695,0.46,50.02
696,7.07,69.12
697,5.35,65.7
698,9.45,74.95
699,9.12,76.27
700,4.56,65.77
701,7.66,57.63
702,5.05,72.02
703,2.03,58.49
704,7.17,77.08
705,7.68,70.52
706,7.06,81.66
707,1.92,47.55
708,2.98,72.65
709,3.25,61.29
710,5.72,87.19
711,8.82,78.03
712,8.77,95.39
713,3.86,68.99
714,7.38,83.26
715,7.96,97.54
716,7.24,87.99
717,3.85,70.28
718,2.98,68.68
719,0.57,35.7
720,6.74,80.57
721,1.98,62.58
722,6.25,52.53
723,1.38,59.39
724,3.73,47.88
725,3.14,40.96
726,8.15,79.73
727,3.68,41.27
728,4.4,54.24
729,4.39,70.43
730,6.02,70.92
731,4.04,73.05
732,9.58,90.68
733,9.71,71.43
734,9.15,74.23
735,0.83,45.74
736,4.77,59.57
737,3.39,66.03
738,6.73,75.18
739,6.36,60.73
740,8.59,77.48
741,9.48,97.6
742,5.74,59.24
743,5.35,51.76
744,9.42,92.74
745,8.92,86.45
746,4.1,52.55
747,0.5,42.04
748,7.78,80.45
749,9.26,78.63
750,3.77,62.52
751,2.45,45.31
752,0.88,40.95
753,3.91,66.98
754,1.83,46.27
755,1.34,29.98
756,2.57,50.23
757,5.53,50.66
758,1.48,42.14
759,9.63,81.77
760,9.45,100
761,9.92,94.53
762,7.06,79.73
763,1.41,49.04
764,0.09,35.16
765,6.86,47.55
766,6.81,92.19
767,9.18,80.71
768,4.08,51.8
769,4.22,54.82
770,5.37,77.62
771,4.14,68.14
772,0.98,58.1
773,3.8,61.81
774,1.98,48.75
775,7.25,73.75
776,0.11,24.98
777,9.19,88.54
778,9,81.64
779,7.54,73.88
780,9.52,98.12
781,6.26,83.39
782,6.56,97.33
783,3.81,63.72
784,0.66,42.33
785,6.91,65.46
786,1.27,46.04
787,2.91,71.77
788,6.32,69.25
789,3.9,76.59
790,0.7,41.29
791,8.64,85.28
792,3.85,84.07
793,6.71,73.81
794,0.21,26.53
795,5.95,63.03
796,2.76,43.24
797,3.99,60.85
798,1.46,41.57
799,8.24,84.98
800,1.4,63.26
801,9.09,75.69
802,9,74.91
803,1.92,47.05
804,5.32,75.44
805,5.22,69.87
806,1.6,49.06
807,5.2,81.7
808,2.25,48.54
809,2.82,72.56
810,5.04,50.08
811,1.59,50.76
812,9.21,95.07
813,4.99,76.34
814,6.15,56.24
815,7.44,70.93
816,6.17,51.52
817,9.3,84.12
818,0.8,39.02
819,0.28,51.28
820,5.42,71.23
821,2.41,49.1
822,6.45,85.86
823,3.78,57.44
824,0.47,55.5
825,0.48,49.07
826,9.63,94.76
827,2.26,60.39
828,0.11,34.36
829,2.18,36.81
830,0.56,50.9
831,2.35,38.74
832,4.03,51.1
833,0.14,38.53
834,3.62,63.73
835,5.84,75.32
836,6.06,51.93
837,2.64,55.63
838,6.75,56.04
839,9.36,100
840,0.04,30.75
841,7.87,96.22
842,8.07,76.96
843,0.73,49.86
844,5.67,60.32
845,5.39,68.13
846,1.38,52.96
847,2.76,69.1
848,3.52,51.32
849,8.13,65
850,1.72,36.32
851,5.21,67.32
852,7.65,80.82
853,2.89,51.68
854,4.37,62.34
855,6.69,70.37
856,0.37,37.63
857,5.61,90.49
858,9.32,87.49
859,4.35,73.97
860,9.36,100
861,9.78,75.66
862,6.77,72.46
863,2.98,54.89
864,2.08,62.47
865,3.19,52.66
866,8.54,85.86
867,0.61,44.87
868,1.82,52.85
869,4.84,57.77
870,3.38,82.67
871,8.13,69.26
872,8.7,80.42
873,0.19,45.12
874,8.25,85.55
875,4.01,48.37
876,6.72,72.1
877,1.19,31.94
878,4.76,72.99
879,9.25,77.07
880,5.75,57.48
881,9.13,85.58
882,7.55,65.2
883,6.31,73.68
884,7.94,74.16
885,9.24,79.89
886,1.64,32.27
887,1.93,24.88
888,0.98,55.99
889,8.29,99.06
890,8.06,92.86
891,2.79,53.15
892,4.49,63.92
893,6.26,74.84
894,3.71,55.17
895,3.82,64.04
896,9.14,94.02
897,3.9,68.99
898,0.7,55.17
899,7.08,71.16
900,6.93,78
901,0.96,43.75
902,0.37,28.97
903,4.01,50.97
904,0.12,37.74
905,5.68,71.06
906,9.45,99.49
907,3.43,65.38
908,2.44,39.75
909,5.42,73.1
910,1.18,36.8
911,3.75,67.75
912,3.28,46.84
913,9.47,74.95
914,9.11,86.34
915,7.62,69.99
916,7.58,88.55
917,9.98,79.43
918,5.8,74.18
919,2.13,60.52
920,1.34,43.16
921,7.92,84.13
922,9.82,83.16
923,9.82,77.74
924,1.25,22.92
925,6.18,61.65
926,8.58,86.86
927,1.39,47.71
928,3.67,47.76
929,1.57,47.08
930,4.48,38.23
931,4.86,72.39
932,9.5,78.81
933,9.05,83.99
934,9.4,91.12
935,7.73,70.17
936,0.92,59.28
937,0.16,43.88
938,3.34,60.97
939,2.42,60.2
940,7.92,88.82
941,4.96,70.27
942,5.14,89.39
943,0.72,37.59
944,3.45,72.87
945,7.56,64.28
946,3.85,54.18
947,0.07,35.56
948,7.18,66.94
949,5.57,68.93
950,0.7,50
951,3.48,49.19
952,4.13,64.25
953,3.12,61.92
954,7.38,77.86
955,3.88,51.41
956,6.19,59.95
957,6.24,62.66
958,8.02,85.31
959,6.54,90.53
960,6.79,67.97
961,4.11,75.26
962,6.63,62.79
963,0.27,35.64
964,8.16,80.03
965,0.75,39.45
966,9.01,86.83
967,0.71,51.89
968,1.91,60.02
969,7.77,86.47
970,2.03,35.1
971,4.04,54.28
972,4.46,58.78
973,6.06,77.25
974,5.76,53.16
975,0.6,36.2
976,1.83,55.79
977,2.96,64.36
978,3.76,61.71
979,7.13,92.5
980,1.25,22.12
981,4.29,63.76
982,0.3,40.84
983,4.54,52.69
984,7.94,74.12
985,4.71,65.97
986,2.36,63.96
987,8.87,86.88
988,1.26,52.82
989,2.69,44.18
990,8.82,79.68
991,7.51,77.13
992,0.98,46.32
993,8.16,86.07
994,8.58,81.06
995,1.17,53.52
996,1.37,49.51
997,5.48,53.85
998,0.59,46.54
999,4.96,47.69
1000,0.07,34.01
1001,8.48,85.32
1002,0.63,30.1
1003,8.2,79.85
1004,5.39,66.04
1005,4.99,63.73
1006,0.22,32.28
1007,5.54,73.71
1008,7.2,83.17
1009,2.36,47.88
1010,8.12,84.87
1011,4.21,52.7
1012,5.65,68.47
1013,1.52,55.19
1014,1.95,52.2
1015,1.67,49.75
1016,8.35,95.16
1017,1.11,38.06
1018,2.68,61.17
1019,7.98,82.21
1020,2.99,47.58
1021,8.68,82.67
1022,0.39,38.21
1023,3.4,63.62
1024,3.1,59.59
1025,1.29,28.15
1026,3.74,75.18
1027,4.65,41.92
1028,0.47,49.2
1029,9.88,81.89
1030,9.08,96.11
1031,9.79,92.94
1032,1.7,62.38
1033,0.43,40.36
1034,1.43,22.84
1035,3.61,55.71
1036,5.44,68.28
1037,9.37,99.05
1038,6.36,60.06
1039,4.85,61.57
1040,0.86,39.75
1041,9.45,100
1042,3.47,41.11
1043,3.69,69.06
1044,6.24,82.78
1045,7.27,75.23
1046,1.98,58.45
1047,5.89,74.55
1048,8.43,75
1049,9.99,83.02
1050,0.11,20.35
1051,8.21,96.88
1052,2.06,63.25
1053,1.14,58.39
1054,6.88,74.24
1055,2.73,47.83
1056,8.23,64.62
1057,6.44,66.48
1058,5.28,57.32
1059,0.29,27.78
1060,2.87,57.44
1061,0.36,37.05
1062,8.98,89.36
1063,1.31,38.8
1064,0.51,63.18
1065,3.64,84.05
1066,6.95,89.77
1067,8.92,83.61
1068,2.44,58.69
1069,3.92,45.55
1070,6.2,57.67
1071,5.64,63.76
1072,0.41,58.98
1073,4.74,61.48
1074,9.49,96.69
1075,2.4,51.52
1076,6.78,70.44
1077,9.13,87.66
1078,0.46,40.96
1079,1.36,61.36
1080,1,31.81
1081,4.1,61.57
1082,9.7,88.24
1083,3.64,56.85
1084,7.25,69.84
1085,7.03,82.31
1086,0.25,26.47
1087,9.46,94.84
1088,5.33,44.78
1089,6.96,90.35
1090,0.45,49.28
1091,9.17,86.34
1092,0.33,17.36
1093,7.77,78
1094,5.26,58.92
1095,2.66,64.98
1096,5.05,48.92
1097,5.32,50.49
1098,0.87,42.1
1099,9.16,85.23
1100,5.64,61.93
1101,0.59,41.12
1102,6.73,71.01
1103,6.27,66.11
1104,0.73,36.89
1105,4.38,60.32
1106,6.42,81.77
1107,8.1,99.13
1108,3.92,69.78
1109,7.73,79.13
1110,8.73,71.65
1111,6.18,80.01
1112,3.58,72.51
1113,9.32,84.77
1114,7.45,75.33
1115,0.64,55.61
1116,1.08,47.27
1117,8.19,100
1118,7.93,79.14
1119,0.57,26.7
1120,9.08,95.96
1121,7.22,79.7
1122,9.03,82.48
1123,5.36,54.23
1124,3.49,66.19
1125,8.33,87.59
1126,7.9,82.23
1127,5.31,82.1
1128,7.79,68.3
1129,0.58,44.99
1130,4.58,60.42
1131,0.22,46.27
1132,7.4,81.42
1133,7.06,74.12
1134,0.06,25.31
1135,4.71,64.01
1136,5.96,84.61
1137,2.84,34.55
1138,0.55,37.38
1139,3.78,63.92
1140,5.3,55.58
1141,2.51,42.29
1142,9.44,77.08
1143,4.37,54.05
1144,7.01,78.65
1145,1.76,68.78
1146,2.42,57.64
1147,0.24,33.1
1148,3.29,50.87
1149,4.13,49.8
1150,1.09,38.24
1151,8.52,75.68
1152,0.09,54.59
1153,9.7,94.9
1154,8.05,63.06
1155,5.01,73.31
1156,9.34,99.52
1157,4.68,61.08
1158,5.11,79.14
1159,8.32,85.02
1160,1.61,54.45
1161,5.21,62.86
1162,4.34,76.08
1163,3.32,57.13
1164,4.48,59.7
1165,0.41,46.73
1166,2.43,51.06
1167,1.03,42.6
1168,3.63,65.42
1169,6.58,70.88
1170,4.25,57.03
1171,0.72,38.19
1172,6.87,60.46
1173,8.53,98.71
1174,8.67,76.83
1175,0.89,40.65
1176,0.13,41.52
1177,4.23,54.67
1178,9.73,68.5
1179,4.99,69.44
1180,9.95,94.97
1181,4.95,62.28
1182,1.23,40.71
1183,5.6,59.98
1184,2.39,71.51
1185,7.25,73.29
1186,7.86,78.95
1187,4.5,63.56
1188,4.69,61.15
1189,4.02,83.99
1190,9.02,85
1191,5.64,57.29
1192,6.91,77.69
1193,3.32,67.57
1194,0.95,34.55
1195,9.38,100
1196,6.71,76.3
1197,0.15,38.93
1198,1.13,54.33
1199,8.48,68.36
1200,4.47,77.16
1201,4.02,54.18
1202,4.32,52.76
1203,6.64,67.91
1204,1.82,49.43
1205,8.38,72.45
1206,9.17,60.88
1207,7.98,81.37
1208,5.03,73.74
1209,2.54,50.62
1210,6.67,77.35
1211,9.41,94.67
1212,9.81,79.38
1213,0.52,59.66
1214,3.82,50.96
1215,8.06,80.81
1216,5.48,85.58
1217,3.04,57.56
1218,4.02,59.83
1219,0.28,30.03
1220,8.49,70.88
1221,0.31,36.08
1222,6.52,68.28
1223,5.97,86.47
1224,3.13,50
1225,9.87,77.89
1226,8.29,88.54
1227,6.08,71.99
1228,1.38,48.04
1229,8.71,98.5
1230,5.77,79.09
1231,7.99,91.7
1232,0.28,38.96
1233,2.56,51.15
1234,7.57,77
1235,8.3,73.23
1236,5.24,54.29
1237,6.38,75.83
1238,4.88,62.59
1239,5.82,69.11
1240,1,56.85
1241,8.42,75.19
1242,4.02,79.76
1243,7.73,74.21
1244,9.51,95.38
1245,2.65,41.93
1246,8.29,84.2
1247,6.54,65.05
1248,7.99,72.55
1249,1.86,36.74
1250,7.55,77.56
1251,7.36,84.4
1252,7.52,75.87
1253,3.33,53.98
1254,0.58,38.64
1255,6.74,80.61
1256,0.42,52.58
1257,6.44,50.24
1258,3,49.95
1259,3.93,68.47
1260,9.24,100
1261,6.79,79.74
1262,7.18,74.57
1263,7.17,81.94
1264,2.28,53.58
1265,4.09,65.7
1266,5.71,73.18
1267,8.79,99.01
1268,5.95,73.26
1269,9.18,81.92
1270,3.51,67.8
1271,2.54,44.69
1272,7.14,72.73
1273,2.18,26.91
1274,4.43,64.11
1275,6.96,81.12
1276,6.74,56.45
1277,1.81,74.42
1278,7.32,67.27
1279,3.27,43.41
1280,3.52,54.33
1281,7.89,82.44
1282,3.65,53.82
1283,2.83,59.13
1284,2.61,44.13
1285,0.27,48.66
1286,6.56,74.08
1287,7.47,96.23
1288,6.31,75.35
1289,0.55,42.28
1290,5.27,67.72
1291,0.88,49.89
1292,2.7,45.43
1293,0.01,29.99
1294,7.07,83.91
1295,7.97,80.7
1296,1.34,31.9
1297,5.99,60.31
1298,3.59,59
1299,6.78,85.68
1300,3.66,60.22
1301,8.01,79.97
1302,9.87,84.73
1303,4.83,56.92
1304,0.79,37.54
1305,1.34,51.16
1306,8.94,78.88
1307,7.14,77.54
1308,8.74,80.7
1309,9.04,86.79
1310,4.77,74.06
1311,0.67,51.32
1312,7.2,75.55
1313,2.72,43.67
1314,3.27,62.09
1315,3.85,60.61
1316,3.31,46.41
1317,0.99,54.97
1318,5.81,77.82
1319,7.56,70.88
1320,5.17,92.67
1321,2.75,22.34
1322,4.45,68.69
1323,8.96,79.97
1324,9.21,87.99
1325,5.21,55.57
1326,7.66,75.83
1327,7.67,72.2
1328,8.38,86.89
1329,9.41,91.61
1330,4.23,68.44
1331,6.05,74.23
1332,2.2,50.15
1333,8.59,82
1334,9.28,100
1335,5.83,77.68
1336,6.59,72.35
1337,0.65,58.27
1338,2.45,56.74
1339,5.09,64.45
1340,5.15,55.54
1341,7.64,81.65
1342,2.68,58.57
1343,6.88,67.99
1344,5.58,57.9
1345,4.31,48.26
1346,8.61,74.31
1347,1.12,56.29
1348,3.16,60.5
1349,7.41,67.78
1350,5.47,51.51
1351,1.8,21.15
1352,6.82,64.72
1353,1.05,50.04
1354,2.89,42.48
1355,7.24,79.26
1356,0.45,59.6
1357,1.09,23.81
1358,4.18,59.68
1359,5.97,60.07
1360,1.97,59.44
1361,5.01,65.1
1362,8.25,84.78
1363,0.92,46.36
1364,4.7,65.83
1365,8.81,87.34
1366,4.36,52.06
1367,2.77,66.65
1368,0.57,58.15
1369,8.85,82.74
1370,1.48,45.58
1371,3.17,37.46
1372,6.81,75.68
1373,2.83,31.6
1374,4.25,59.2
1375,4.88,49.49
1376,2.41,44.01
1377,3.6,56.38
1378,0.69,48.72
1379,3.61,72.06
1380,9.83,84.89
1381,1.9,47.38
1382,8.72,81.29
1383,1.13,40.71
1384,1.94,46.63
1385,7.3,83.64
1386,2.7,71.08
1387,2.1,66.19
1388,5.83,67.98
1389,0.84,50.07
1390,4.72,57.76
1391,3.06,40.21
1392,8.91,89.72
1393,2.12,54.26
1394,5.21,82.03
1395,0.14,38.97
1396,5.27,49.2
1397,3.86,62.13
1398,0.02,24.92
1399,5.66,57.15
1400,4.48,57.77
1401,6.16,66.29
1402,0.5,28.74
1403,6.53,83.12
1404,3.23,59.21
1405,1.58,38.74
1406,2.12,42.14
1407,3.72,46.34
1408,6.74,77.2
1409,1.57,56.64
1410,4.04,55.65
1411,2.63,63.31
1412,3.5,54.29
1413,1.13,48.24
1414,2.93,65.83
1415,1.32,38.88
1416,4.58,64.04
1417,7.36,82.1
1418,0.54,38.46
1419,3.93,61.12
1420,8.42,86.07
1421,3.98,71.75
1422,4.56,72.01
1423,9.58,83.96
1424,7.76,84.89
1425,4.77,79.36
1426,9.85,82.94
1427,2.96,68.97
1428,1.81,35.36
1429,7.73,69.66
1430,8.71,84.91
1431,3.13,38.61
1432,9.14,88.92
1433,9.15,64.45
1434,8.07,72.95
1435,3.53,48.12
1436,6.76,83.12
1437,2.69,42.45
1438,9.58,100
1439,1.21,37.95
1440,3.23,52.77
1441,6.29,63.15
1442,2.42,62.86
1443,9.29,73.16
1444,5.93,77.04
1445,3.61,67.81
1446,6.08,66.65
1447,6.03,57.15
1448,8.81,91.3
1449,6.31,61.82
1450,8.66,74.42
1451,9.23,79.26
1452,5.69,59.1
1453,7.47,93.91
1454,3.92,65.74
1455,1.41,50.46
1456,9.45,81.5
1457,2.43,62.65
1458,0.22,30.95
1459,2.28,49.29
1460,2.36,62.85
1461,5.56,58.48
1462,6.63,73.51
1463,4.98,57.23
1464,1.16,41.9
1465,6.44,71.64
1466,6.27,69.47
1467,2.55,62.43
1468,2.36,58.05
1469,3.53,65.85
1470,3.07,63.82
1471,7.71,91.86
1472,2.28,53.69
1473,4.6,69.55
1474,8.38,78.49
1475,2.56,51.66
1476,4.6,68.38
1477,8.34,78.34
1478,3.3,52.77
1479,5.05,68
1480,7.72,93.94
1481,1.8,35.07
1482,9.93,84.92
1483,9.56,91.63
1484,5.17,69.06
1485,1.21,31.92
1486,5.63,60.76
1487,0.37,30.66
1488,9.54,87.25
1489,0.12,53.74
1490,5.77,68.82
1491,7.43,75
1492,1.89,71.97
1493,2.97,48.79
1494,4.47,63.49
1495,3.91,56.22
1496,6.57,63.78
1497,6.14,76.76
1498,7.29,71.21
1499,3.2,64.53
1500,1.44,43.13
1501,0.54,41.28
1502,9.55,79.62
1503,0.26,38.02
1504,9.21,89.82
1505,3.67,38.39
1506,6.98,64.93
1507,5.69,71.31
1508,2.84,43.19
1509,0.11,50.4
1510,4.21,50.9
1511,6.14,62.08
1512,0.05,37.97
1513,6.64,70.46
1514,1.16,43.24
1515,9.02,89.27
1516,1.01,50.77
1517,5.65,50.09
1518,2.51,62.1
1519,5.81,82.5
1520,9.53,80.08
1521,7.27,57.49
1522,4.05,43.84
1523,4.92,45.49
1524,6.72,76.69
1525,4.68,69.75
1526,2.96,69.53
1527,5.46,70.54
1528,7.35,85.99
1529,7.72,73.01
1530,8.14,70.79
1531,3.33,59.33
1532,8.91,87.93
1533,3.09,34.7
1534,6.99,84.32
1535,1.93,43.54
1536,9.77,87.71
1537,1.69,38.32
1538,1.7,54.89
1539,6.28,67.7
1540,7.34,62.5
1541,9.39,89.85
1542,7.68,61.94
1543,1.66,46.41
1544,2.8,54.21
1545,4.25,88.28
1546,8.37,86.97
1547,1.52,34.84
1548,6.66,77.06
1549,8.18,79.92
1550,6.74,75.89
1551,3.75,42.61
1552,8.84,100
1553,5.71,74.13
1554,4.7,59.73
1555,6.36,51.53
1556,7.41,81.01
1557,1.46,33.32
1558,4.06,48.5
1559,4.58,68.34
1560,5.58,75.26
1561,4.1,56.7
1562,9.98,73.48
1563,7.5,53.98
1564,1.88,35.42
1565,1.09,38.47
1566,7.44,67.45
1567,1.15,48.97
1568,9.98,81.7
1569,7.78,83.63
1570,4.08,72.36
1571,2.78,49.46
1572,9.57,74.3
1573,2.55,40.88
1574,1.2,53.61
1575,5.45,51.68
1576,6.74,89.7
1577,3.74,61.51
1578,1.47,56.94
1579,9.69,81.07
1580,0.69,37.05
1581,6.02,74.58
1582,1.95,47.85
1583,5.64,74.09
1584,1.48,45.5
1585,8.24,79.37
1586,3.3,74.08
1587,4.76,68.72
1588,1.9,26.22
1589,5.19,73.14
1590,4.95,57.93
1591,1.42,47.47
1592,7.53,91.2
1593,0.11,57.46
1594,1.78,29.13
1595,1.14,30.43
1596,5.37,71.21
1597,5.45,60.84
1598,0.21,36.29
1599,1.51,59.83
1600,5.56,63.2
1601,7.55,66.06
1602,6.61,70.06
1603,7.66,85.99
1604,1.43,49.54
1605,5.86,76.84
1606,7.07,57.67
1607,4.2,62.17
1608,9.91,96.47
1609,0.86,58.08
1610,5.49,40.1
1611,3.79,51.11
1612,3.88,67.47
1613,3.25,61.51
1614,9.96,93.38
1615,7.46,61.27
1616,7.8,75.76
1617,9.05,63.62
1618,6.67,73.53
1619,6.92,64.66
1620,9.46,72.91
1621,1.3,48.17
1622,9.51,100
1623,9.53,71.79
1624,0.88,35.65
1625,8.44,80.23
1626,7.57,70.79
1627,5.88,58.98
1628,3.05,61.35
1629,0.14,30.61
1630,3.23,54.54
1631,1.7,58.3
1632,2.19,54.56
1633,4.73,47.58
1634,0.08,53.51
1635,7.77,84.23
1636,7.91,81.76
1637,1.19,44.65
1638,1.94,41.03
1639,9.99,81.71
1640,9.03,75.62
1641,0.05,26.34
1642,7.24,81.51
1643,4.07,46.74
1644,0.23,45.33
1645,3.98,51.38
1646,1.78,57.57
1647,2.54,63.02
1648,9.14,85.89
1649,3.75,62.69
1650,3,57.75
1651,7.71,64.48
1652,0.14,48.76
1653,1.91,57.3
1654,9.99,80.88
1655,0.19,30.97
1656,7.18,79.52
1657,5.37,56.01
1658,3.91,61.33
1659,4.99,71.31
1660,9.9,86.81
1661,4.95,63.3
1662,9.77,81.98
1663,7.48,74.29
1664,6.85,68.52
1665,4.95,90.08
1666,0.55,48.74
1667,7.81,90.33
1668,3.46,52.61
1669,0.22,39.03
1670,6.23,98.6
1671,1.3,38.18
1672,1.8,42.57
1673,6.36,70.4
1674,1.69,59.48
1675,3.62,28.09
1676,2.21,71.58
1677,8.28,70.44
1678,0.04,27.92
1679,1.58,44.45
1680,9.37,93.45
1681,7.65,69.76
1682,8.22,62.32
1683,2.52,47.69
1684,1.18,49.16
1685,1.33,55.29
1686,4.19,72.37
1687,3.66,53.95
1688,1.45,61.87
1689,5.2,77.97
1690,7.46,72.67
1691,1.1,54.62
1692,3.7,69.05
1693,2.22,37.31
1694,8.97,100
1695,1.06,44.54
1696,8.39,86.97
1697,8.45,81.4
1698,0.27,34.44
1699,7.65,93.53
1700,2.75,66.88
1701,1.51,36.85
1702,0.99,44.78
1703,7.11,80.96
1704,4.56,44.96
1705,3.99,55.46
1706,6.16,75.58
1707,1.33,43.17
1708,0.81,23.59
1709,6.63,58.32
1710,7.94,70.45
1711,3.73,60.41
1712,7.99,61.77
1713,8.11,85.53
1714,8.65,93.87
1715,4.23,55.49
1716,0.96,54.23
1717,8.83,93.86
1718,2.89,54.26
1719,3.05,51.66
1720,8.16,78.9
1721,5.87,50.57
1722,6.63,78.74
1723,6.44,75.57
1724,2.28,49.88
1725,6.1,43.31
1726,4.86,67.24
1727,5.8,74.65
1728,8.13,71.89
1729,4.95,74.83
1730,0.82,49.87
1731,4.64,51.31
1732,5.98,60.33
1733,9.14,83.49
1734,0.48,32.5
1735,8.18,70.44
1736,0.88,57.98
1737,2.71,41.99
1738,8.47,84.98
1739,9.19,70.35
1740,0.82,44.03
1741,5.58,73.56
1742,0.43,53.25
1743,2.61,41.85
1744,1.88,41.94
1745,5.67,77.33
1746,0.66,49.19
1747,4.38,58.99
1748,5.53,68.14
1749,5.4,62.12
1750,2.54,59.85
1751,1.65,51.74
1752,7.28,75.45
1753,2.06,41.85
1754,5.86,72.1
1755,9.14,82.79
1756,2.07,31.84
1757,8.32,72.04
1758,3.09,38.57
1759,1.88,58.75
1760,5.19,81.09
1761,1.84,72.74
1762,2.24,72.58
1763,9.58,80.35
1764,1.93,37.13
1765,9.72,82.35
1766,9.31,99.26
1767,2.19,40.99
1768,3.59,50.88
1769,0.96,37.35
1770,8.67,80.59
1771,9.96,96.38
1772,5.72,53.48
1773,5.91,69.32
1774,7,57.47
1775,5.74,79.06
1776,1.63,56.79
1777,5.3,69.17
1778,4.99,62.65
1779,9.2,96.24
1780,4.53,68.8
1781,4.24,49.49
1782,0.77,69.04
1783,9.28,80.06
1784,3.13,45.42
1785,4.13,64.99
1786,3.95,62.41
1787,6.93,76.18
1788,5.92,55.32
1789,1.51,48.46
1790,3.42,60.99
1791,5.68,90.82
1792,7.6,70.18
1793,8.85,91.65
1794,7.39,68.35
1795,4.35,64.78
1796,0.2,31.41
1797,9,65.03
1798,1.25,23.18
1799,9.97,98.51
1800,0.65,43.99
1801,8.27,85.2
1802,3.56,37.2
1803,4.02,58.64
1804,9.67,89.33
1805,5.38,83.43
1806,6.3,64.55
1807,3.32,64.61
1808,1.03,44.86
1809,9.85,98.57
1810,6.69,75.13
1811,0.02,41.64
1812,3.66,56.64
1813,5.32,67.49
1814,5.55,68.62
1815,5.44,65.48
1816,5.5,66.02
1817,5.85,77.73
1818,0.63,41.27
1819,0.6,34.63
1820,8.97,83.92
1821,5.86,56.6
1822,8.25,98.43
1823,5.74,93.69
1824,3.35,56.52
1825,8.96,84.87
1826,0.69,33.63
1827,7,78.06
1828,0.55,52.53
1829,8.68,91.19
1830,8.23,81.07
1831,1.69,61.04
1832,8.16,98.46
1833,4.5,59.41
1834,2.52,56.87
1835,5.76,80.35
1836,6.84,71.31
1837,6.07,71.69
1838,6.73,62.58
1839,2.44,43.39
1840,9.53,63.76
1841,9.3,79.62
1842,7,69.7
1843,2.7,64.18
1844,9.73,77.72
1845,0.53,41.81
1846,5.99,65.78
1847,6.56,68.98
1848,7.73,80.02
1849,7.47,92.37
1850,8.42,70.52
1851,8.27,88.14
1852,4.69,56.51
1853,1.72,37.31
1854,9.83,97.62
1855,4.02,47.25
1856,7.66,68.8
1857,0.92,54.72
1858,8.95,83.7
1859,8.01,95.85
1860,6.29,98.56
1861,6.36,73.79
1862,9.02,92.7
1863,8.2,82.11
1864,4.99,59.32
1865,7.28,69.25
1866,7.81,89.81
1867,2.72,60.88
1868,7.15,80.45
1869,5.71,77.45
1870,8.91,73.24
1871,0.28,30.43
1872,6.79,75.5
1873,6.92,80.03
1874,5.71,80.06
1875,8.34,96.46
1876,2.95,56.56
1877,1.91,38.52
1878,1.69,36.43
1879,0.16,31.15
1880,1.15,59.68
1881,0.64,47.24
1882,8.05,95.18
1883,1.33,39.83
1884,0.9,43.99
1885,8.93,91
1886,7.34,80.26
1887,5.01,53.31
1888,2.77,38.97
1889,1.08,20.94
1890,8.47,88.85
1891,7.11,81.51
1892,8.05,80.2
1893,0.15,61.07
1894,2.54,55.44
1895,4.02,55.16
1896,3.32,68.28
1897,8.67,93.4
1898,1.75,41.68
1899,3.66,59
1900,0.28,50.26
1901,9.04,94.72
1902,8.41,80.72
1903,9.64,75.33
1904,6.16,87.41
1905,1.21,47.44
1906,9.25,81.62
1907,1.25,43.17
1908,5.56,63.45
1909,1.8,31.93
1910,9.88,87.7
1911,7.02,84.96
1912,2.55,75.59
1913,7.98,74.55
1914,3.74,56.82
1915,8.87,90.91
1916,1.37,45.16
1917,9.03,79.79
1918,9.02,81.78
1919,8.59,85.18
1920,5.32,44.18
1921,8.26,74.89
1922,9.35,88.05
1923,5.65,73.25
1924,3.95,49.92
1925,1.87,43.38
1926,8.83,67.31
1927,2.34,56.32
1928,9.44,93.55
1929,6.58,72.17
1930,1.6,48.26
1931,9.54,62.57
1932,1.55,61.9
1933,9.56,84.77
1934,6.52,66.62
1935,0.27,41.55
1936,4.23,67.17
1937,2.02,65.84
1938,6.2,74.89
1939,9.22,74.85
1940,5.77,68.05
1941,1.44,48.26
1942,3.65,59.9
1943,0.53,52.51
1944,1.16,44.91
1945,7.26,68.47
1946,1.68,62.33
1947,9.58,100
1948,0.6,40.02
1949,9.73,98.07
1950,4.92,75.43
1951,7.03,84.35
1952,7.24,72.13
1953,7.64,84.85
1954,8.79,96.24
1955,7.12,100
1956,2.45,56.25
1957,4.93,65.35
1958,7.58,68.4
1959,0,40.15
1960,0.84,51.25
1961,7.77,85.49
1962,2.94,45.61
1963,3.48,57.44
1964,6.49,61.63
1965,8.44,86.25
1966,0.69,44.36
1967,2.65,65.42
1968,7.1,77.02
1969,0.51,52.62
1970,3.35,62.68
1971,8.93,76.18
1972,2.28,36.49
1973,5.72,68.19
1974,1.91,71.51
1975,10,97.62
1976,5.02,70.33
1977,8.2,87.4
1978,6.37,84.75
1979,8.53,99.52
1980,6.87,84
1981,7.78,91.79
1982,1.47,57.68
1983,2.73,67.7
1984,2.6,64.59
1985,3.56,41.78
1986,2.61,45.53
1987,8.55,80.38
1988,7.35,76.54
1989,8.54,100
1990,7.34,80.61
1991,7.2,86.67
1992,9.83,86.45
1993,1.62,49.97
1994,7.66,76.52
1995,9.54,86.13
1996,2.66,71.19
1997,0.86,47.38
1998,2.29,55.1
1999,3.32,56.2
2000,9.52,81.6
2001,9.9,87.47
2002,4.38,49.78
2003,7,74.8
2004,8.89,76.91
2005,8.34,93.6
2006,7.34,91.82
2007,6.47,60.64
2008,8.43,69.2
2009,1.6,43.13
2010,3.64,57.59
2011,2.75,55.04
2012,1.25,54.22
2013,5.66,58.12
2014,6.73,76.13
2015,0.02,33.7
2016,8.01,74.02
2017,1.98,55.4
2018,6.67,74.58
2019,7.88,86.48
2020,9.52,79.37
2021,3.83,60
2022,5.26,64.53
2023,3.88,69.65
2024,1.32,46.31
2025,8.08,72.42
2026,6.86,81.5
2027,2.93,59.91
2028,4.2,69.15
2029,7.35,78.47
2030,8.5,74.11
2031,0.77,29.02
2032,2.84,65.2
2033,1.1,54.84
2034,2.22,51.48
2035,0.47,18.4
2036,0.61,42.08
2037,5.34,74.87
2038,0.98,40
2039,4.18,64.03
2040,1.21,35.66
2041,9.25,91.4
2042,0.1,27.17
2043,4.83,58.65
2044,7.57,90.22
2045,9.12,83.38
2046,7.77,93.08
2047,9.74,92.36
2048,1.62,60.42
2049,3.12,54.92
2050,4.4,68.8
2051,6.51,77.89
2052,6.91,70.72
2053,1.99,65.91
2054,8,88.89
2055,7.7,70.24
2056,6.59,84.86
2057,1.4,42.21
2058,6.68,47.23
2059,1.52,45.4
2060,5.78,59.63
2061,6.14,66.6
2062,1.51,41.51
2063,5.36,42.37
2064,5.71,63.54
2065,6.04,79.81
2066,8.41,65.22
2067,5.28,80.89
2068,2.46,67.58
2069,2.99,45.46
2070,8.46,100
2071,4.48,51.42
2072,6.97,76.31
2073,9.47,83.43
2074,5.73,81.25
2075,4.93,52.11
2076,4.97,60.24
2077,0.94,29.8
2078,9.59,96.32
2079,1.99,55.68
2080,5.33,65.35
2081,1.35,38.72
2082,2.41,42.3
2083,1.84,50.12
2084,6.61,59.04
2085,1.04,65.75
2086,2.8,42.99
2087,0.04,39.47
2088,2.25,45.27
2089,7.48,74.82
2090,0.28,40.62
2091,7.45,82.68
2092,6.21,62.78
2093,4.01,50.34
2094,3.43,65.01
2095,2.35,71.85
2096,7.64,85.39
2097,2.08,54.86
2098,2.25,53.13
2099,6.55,73.52
2100,4.97,45.55
2101,5.9,75.2
2102,4.33,56.6
2103,6.63,76.15
2104,6.24,86.24
2105,5.02,63.71
2106,2.98,60.71
2107,7.32,69.5
2108,8.44,96.26
2109,6.67,87.63
2110,5.05,72.96
2111,7.12,83.56
2112,9.76,91.75
2113,6.9,78.27
2114,9.95,94.78
2115,9.52,85.89
2116,7.62,72.56
2117,1.46,44.25
2118,1.75,54.06
2119,9.34,82.86
2120,4.8,44.73
2121,3.69,65.85
2122,3.25,58.63
2123,4.74,56.94
2124,9.31,84.21
2125,5.32,70.66
2126,9.17,100
2127,3.27,67.06
2128,3.04,49.14
2129,0.05,64.92
2130,4.83,77.1
2131,3.77,63.75
2132,1.38,50.68
2133,5.17,60.88
2134,8.03,85.59
2135,0.41,48.71
2136,7.13,74.45
2137,7.09,80.06
2138,8.95,76.14
2139,2.75,65.48
2140,1.35,45.84
2141,9.26,68.03
2142,6.43,67.6
2143,6.04,72.95
2144,3.03,61.22
2145,2.15,39.2
2146,8.2,81.56
2147,5.67,67.32
2148,9.05,80.46
2149,6.02,60.58
2150,2.01,36.44
2151,8.19,83.23
2152,6.56,61.73
2153,4.38,53.96
2154,1.38,54.64
2155,0.21,35.9
2156,7.08,78.52
2157,0.97,55.11
2158,0.84,46.29
2159,1.96,50.56
2160,9.85,83.25
2161,6.65,65.61
2162,9.88,80.76
2163,3.88,62.94
2164,8.14,62.08
2165,2.69,57.67
2166,4.77,52.11
2167,1.99,51.67
2168,7.46,89.97
2169,5.61,73.21
2170,2.16,48.07
2171,1.97,53.01
2172,0.58,26.32
2173,3.45,51.74
2174,6.22,68.42
2175,1.74,21.87
2176,0.06,57.95
2177,0.83,47.41
2178,1.9,59.98
2179,8.3,81.31
2180,3.98,64.72
2181,0.94,63.77
2182,8.9,84.76
2183,5.29,69.57
2184,8.26,86.74
2185,2.85,58.06
2186,7.78,85.32
2187,1.45,44.89
2188,2.27,48.24
2189,6.02,58.55
2190,8.92,81.27
2191,6.45,68.11
2192,4.33,55.87
2193,8.97,89.92
2194,9.46,90.22
2195,6.27,60.54
2196,0.83,39.91
2197,4.45,64.81
2198,3.62,61.56
2199,9.95,90.91
2200,4.99,58.91
2201,2.58,69.65
2202,7.24,80.81
2203,1.58,41.8
2204,3.15,68.21
2205,2.96,50.64
2206,6.79,90.86
2207,4.56,63.1
2208,0.19,30.42
2209,7.26,80.72
2210,3.27,68.7
2211,6.61,64.99
2212,3.55,47.38
2213,4.58,65.71
2214,5.85,50.87
2215,1.96,46.51
2216,2.59,47.19
2217,8.7,90.11
2218,1.19,27.53
2219,8.2,65.78
2220,5.72,65.95
2221,2.34,42.81
2222,5.74,72.45
2223,7.54,74.99
2224,1.03,39.43
2225,6.74,88.19
2226,1.13,24.96
2227,8.52,100
2228,3.99,62.25
2229,5.59,60.7
2230,4.85,53.23
2231,1.27,35.68
2232,8.39,89.08
2233,7.89,89.6
2234,6.64,66.19
2235,2.33,62.84
2236,9.54,89.95
2237,7.01,68.79
2238,5.85,82.56
2239,9.53,95.2
2240,9.12,73.19
2241,0.78,52.32
2242,0.68,56.75
2243,9.41,84.92
2244,1.67,42.45
2245,9.12,93.59
2246,1.68,63.91
2247,2.99,50.43
2248,0.39,46.3
2249,4.01,78.14
2250,6.13,68.21
2251,2.46,48.7
2252,0.23,34.43
2253,2.84,43.38
2254,8.13,67.08
2255,7.19,81.88
2256,5.3,63.56
2257,1.84,35.08
2258,6.72,78.71
2259,4.25,55.18
2260,5.62,50.95
2261,4.43,55.47
2262,9.33,75.96
2263,4.62,62.28
2264,6.29,78.93
2265,5.72,78.52
2266,6.84,79.07
2267,9.45,79.51
2268,0.34,46.53
2269,3.26,45.5
2270,8.05,87.33
2271,2.13,49.03
2272,3.95,55.67
2273,7.86,85.42
2274,0.22,44.65
2275,6.48,53.17
2276,5.75,48.89
2277,5.93,90.31
2278,5.93,71.51
2279,7.23,89.66
2280,7.52,91.85
2281,0.79,43.27
2282,7.29,63.44
2283,8.56,68.55
2284,7.12,51.53
2285,6.75,89.49
2286,9.76,88.09
2287,8.29,90.19
2288,9.47,85.32
2289,2.75,66.35
2290,5.74,71.69
2291,0.33,44.73
2292,4.44,59.46
2293,3.14,54.82
2294,2.28,60.64
2295,1.82,22.11
2296,8.33,73.09
2297,9.87,78.3
2298,1.9,45.55
2299,3.4,46.93
2300,4.61,69.87
2301,4.15,73.46
2302,8.46,91.57
2303,8.56,93.66
2304,4.52,71.09
2305,7.32,85.29
2306,6.76,63.95
2307,7.5,59.6
2308,9.59,100
2309,9.96,83.7
2310,9.8,100
2311,5.66,52.1
2312,9.16,84.24
2313,9.72,87.28
2314,9.63,89.85
2315,6,60.47
2316,1.96,46.61
2317,0.72,51.72
2318,4.08,59.81
2319,0.13,34.97
2320,9.89,84.83
2321,7.42,100
2322,8.04,73.4
2323,1.59,54.33
2324,8.18,93.73
2325,5.17,55.15
2326,8.95,81.09
2327,9.62,92.26
2328,7.65,90.42
2329,6.36,83.16
2330,9.53,87
2331,3.87,62.99
2332,2.49,54.4
2333,0.27,44.01
2334,3.51,55.68
2335,2.12,32.01
2336,3.14,52.98
2337,2.82,57
2338,2.94,58.52
2339,7.53,77.36
2340,4.21,65.13
2341,6.86,71.82
2342,9.5,70.21
2343,5.06,63.41
2344,1.9,48.18
2345,5.72,44.8
2346,6.73,82.79
2347,3.87,48.28
2348,9.67,94.46
2349,5.12,68.03
2350,0.37,32.13
2351,6.07,72.77
2352,8.17,93.59
2353,6.73,75.5
2354,1.57,44.94
2355,9.66,88.71
2356,9.24,83.04
2357,1.33,30.8
2358,7.89,81.04
2359,9.3,77.25
2360,6.45,56.49
2361,7.49,58.01
2362,4.59,59.15
2363,0.61,49.4
2364,0.33,26.46
2365,3.91,52.18
2366,1.88,53.89
2367,2.65,40.35
2368,2.01,65.08
2369,1.75,40.64
2370,8.96,80.13
2371,0.62,55.17
2372,4.11,65.98
2373,3.11,64.09
2374,4.31,50.04
2375,3.32,67.22
2376,2.38,51.84
2377,3.73,63.49
2378,4.91,64.79
2379,0.2,39.2
2380,0.3,62.63
2381,6.71,60.11
2382,8.25,95.52
2383,7.72,75.24
2384,7.67,70.96
2385,7.85,86.18
2386,9.18,81.76
2387,7.8,88.1
2388,4.21,51.45
2389,5.79,58.25
2390,7.98,92.62
2391,9.29,93.86
2392,1.13,43.99
2393,1.9,54.56
2394,7.71,79.1
2395,1.1,46.27
2396,6.27,66.45
2397,6.32,74.31
2398,8.67,82.13
2399,6.7,86.28
2400,8.47,65.5
2401,2.28,57.99
2402,1.33,41.08
2403,5.15,60.27
2404,6.83,73.63
2405,6.27,85.24
2406,9.72,74.36
2407,6.48,63.32
2408,2.93,52.42
2409,8.1,82.21
2410,7.75,80.7
2411,8.25,100
2412,5.57,70.11
2413,0.08,39.69
2414,4.65,65.05
2415,9.58,78.91
2416,7.65,85.61
2417,6.76,66.34
2418,8.36,72.53
2419,2.84,58.5
2420,3.11,61.13
2421,1.33,30.85
2422,5.96,83.24
2423,8.17,60.63
2424,7.73,88.84
2425,6.29,72.1
2426,1.07,57.11
2427,8.6,88.7
2428,9.28,100
2429,4.76,63.79
2430,1.78,57.47
2431,4.04,49.14
2432,9.74,87.6
2433,9.88,100
2434,5.35,73.81
2435,0.21,26.15
2436,2.82,48.09
2437,6.52,73.88
2438,9.28,77.71
2439,6.5,64.79
2440,5.42,84.06
2441,6.7,62.74
2442,9.55,89.95
2443,7.12,84.01
2444,3.4,59.06
2445,3.91,57.78
2446,3.01,61.71
2447,8.78,79.06
2448,4.14,76.48
2449,0.07,34.51
2450,0.82,32.46
2451,2.1,17.2
2452,6.71,76.29
2453,4.53,52.52
2454,4.28,61.92
2455,5.65,52.63
2456,0.46,52.04
2457,6.58,70.63
2458,7.04,86.32
2459,7.39,82.08
2460,5.55,77.11
2461,0.66,48.86
2462,5.72,70.73
2463,5.03,80.32
2464,4.55,58.41
2465,7,62.02
2466,4.08,80.63
2467,9.08,82.57
2468,2.32,61.11
2469,4.55,59.68
2470,7.91,82.13
2471,9.45,92.52
2472,7.78,60.04
2473,3.89,62.77
2474,8.56,73.37
2475,4.8,83.04
2476,1.47,54.15
2477,5.64,80.4
2478,1.6,45.22
2479,3.08,56.22
2480,7.9,82.83
2481,7.63,81.95
2482,8.41,72.46
2483,0.89,42.19
2484,3.22,43.87
2485,4.98,79.57
2486,1.86,47.04
2487,2.94,61.76
2488,6.22,69.65
2489,2.92,62.3
2490,1.09,49.1
2491,8.75,94.22
2492,6.92,83.72
2493,8.54,87.53
2494,9.54,83.7
2495,9.45,82.8
2496,0.2,46.62
2497,3.96,51.82
2498,2.65,64.82
2499,5.13,71.94
2500,7.61,83.01
2501,0.6,43.73
2502,9.33,96.35
2503,3.49,60.55
2504,4.12,59.19
2505,9.61,84.79
2506,5.31,65.37
2507,3.39,65.86
2508,6.31,73.65
2509,1.22,41.2
2510,8.97,82.67
2511,5.17,42.87
2512,8.09,83.24
2513,8.94,94.42
2514,3.8,47.61
2515,0.57,43.83
2516,3.46,52.43
2517,4,52.11
2518,6.06,71.2
2519,6.8,66.58
2520,2.07,49.57
2521,9.76,100
2522,0.28,24.36
2523,2.69,46.72
2524,3.02,50.82
2525,9.36,99.26
2526,6.06,79.15
2527,3.33,56.05
2528,5.6,55.71
2529,1.51,50.32
2530,4.57,63.89
2531,1.28,51.43
2532,0.62,43.1
2533,4.13,46.6
2534,5.47,64.46
2535,4.91,79.57
2536,6.05,53.54
2537,3.73,60.18
2538,9.79,100
2539,8.54,78.15
2540,0.08,45.45
2541,5.75,63.95
2542,1.54,51.79
2543,4.58,49.56
2544,6.3,65.29
2545,2.73,64.36
2546,1.06,68.17
2547,0.97,40.62
2548,9.65,91.99
2549,0.25,53.39
2550,8.97,82.59
2551,5.84,70.68
2552,6.63,80.69
2553,5.1,41.68
2554,2.47,58.63
2555,9.14,77
2556,5.72,69.7
2557,6.15,67.5
2558,5.35,65.99
2559,7.87,88.58
2560,7.65,81.45
2561,5.16,60.69
2562,3.04,56.33
2563,2.07,59.3
2564,4.42,67.4
2565,6.14,56.12
2566,6.52,43.04
2567,6.33,75.44
2568,7.21,72.42
2569,2.07,54.39
2570,3.87,62.5
2571,4.89,59.76
2572,3.1,59.23
2573,9.77,94.63
2574,8.22,90.76
2575,1.29,47.47
2576,4.71,54.82
2577,9.3,84.49
2578,1.45,34.9
2579,4.1,61.88
2580,0.82,29.77
2581,9.31,100
2582,8.18,62.14
2583,2,48.76
2584,6.27,91.57
2585,4.74,52.8
2586,6.34,63.2
2587,6.22,50.54
2588,8.89,69.25
2589,4.55,52.31
2590,9.09,69.61
2591,7.45,81.01
2592,7.58,92.63
2593,4.34,53.14
2594,0.35,30.47
2595,8.87,96.02
2596,3.4,42.28
2597,5.68,71.87
2598,0.38,49.6
2599,7.56,98.32
2600,8.74,88.39
2601,1.18,37.6
2602,2.47,65.79
2603,2.55,36.56
2604,0.08,45.87
2605,8.62,84.01
2606,4.11,37.42
2607,6.95,74.05
2608,3.19,59.93
2609,4.46,62.46
2610,8.08,95.8
2611,4.57,58.32
2612,3.39,43.09
2613,7.75,75.91
2614,9.76,90.53
2615,4.11,36.91
2616,6.77,70.04
2617,5.3,72.88
2618,1.29,45.49
2619,0.5,48.42
2620,0.37,57.23
2621,9.62,69.85
2622,3.47,71.55
2623,7.78,86.15
2624,2.22,64.94
2625,7.97,86.6
2626,3.52,58.51
2627,0.28,60.45
2628,6.44,70.12
2629,4.92,44.63
2630,2.66,53.82
2631,3.41,37.67
2632,0.69,57.41
2633,0.84,29.85
2634,9.47,99.36
2635,7.67,71.11
2636,9.59,84.39
2637,8.91,99.44
2638,9.92,94.37
2639,2.9,40.8
2640,7.82,77.32
2641,4.09,57.14
2642,3.77,49.94
2643,9.57,94.23
2644,5.06,91.65
2645,0.49,31.47
2646,1.33,44.55
2647,7.72,100
2648,8.19,83.03
2649,3.77,55.39
2650,0.43,42.12
2651,4.54,46.02
2652,0.96,43.35
2653,2.71,42.68
2654,9.34,74.24
2655,8.64,85.39
2656,9.99,82.53
2657,1.3,51.56
2658,5.45,71.73
2659,8.32,85.32
2660,9.68,89.74
2661,9.2,91.21
2662,1.57,36.74
2663,0.5,29.71
2664,8.32,73.72
2665,1.3,57.85
2666,3.84,58.77
2667,7.23,74.51
2668,0.58,40.68
2669,1.69,49.5
2670,3.82,64.34
2671,2.45,52.55
2672,4.17,70.65
2673,3.28,69
2674,1.28,57.15
2675,3.65,60.03
2676,5.96,83.95
2677,7.59,79.57
2678,5.39,69.13
2679,2.73,54.92
2680,9.36,94.06
2681,5.36,60.47
2682,8.71,75.54
2683,7.7,94.81
2684,6.99,61.4
2685,0.62,55.97
2686,7.65,62.1
2687,2.45,70.37
2688,1.18,45.31
2689,8.05,100
2690,9.83,92.55
2691,3.53,51.58
2692,0.86,53.09
2693,0.06,42.92
2694,4.4,69.06
2695,1.95,52.29
2696,0.58,56.76
2697,7.93,89.19
2698,3.12,51.65
2699,3.35,59.12
2700,9.85,100
2701,3.43,59.1
2702,6.94,87.16
2703,4.42,73.17
2704,3.64,60.6
2705,7.64,86.48
2706,7.76,73.31
2707,3.12,55.1
2708,2.6,72.38
2709,6.83,76.68
2710,7.25,88.76
2711,7.17,71.62
2712,4.38,38.1
2713,1.54,38.68
2714,1.08,43.01
2715,4.75,51.59
2716,9.3,94.96
2717,2.95,54.68
2718,4.53,53.01
2719,6.62,83.91
2720,4.16,57.52
2721,0.66,31.69
2722,1.04,44.1
2723,9.38,88.47
2724,9.39,100
2725,9.11,88.2
2726,1.45,43.57
2727,2,40.08
2728,6.62,74.74
2729,2.51,49.24
2730,8.36,90.09
2731,1.82,51.78
2732,9.48,100
2733,4.46,64.51
2734,8.63,69.21
2735,3.08,46.63
2736,8.81,83.85
2737,5.45,73.26
2738,6.37,96.33
2739,0.3,48.18
2740,4.09,66.33
2741,5.63,55.47
2742,1.4,50.59
2743,5.06,52.17
2744,5.65,62.45
2745,0.55,51.38
2746,7.09,85
2747,6.09,66.29
2748,1.51,41.98
2749,5.22,63.39
2750,7.93,98.6
2751,4.09,33.47
2752,3.16,54.47
2753,4.95,75.79
2754,6.49,70.82
2755,6.5,60.68
2756,5.02,71.62
2757,6.36,80.55
2758,3.63,45.88
2759,3.33,53.52
2760,0.41,48.65
2761,8.75,76.01
2762,5.19,65.51
2763,4.85,61.87
2764,1.31,44.83
2765,4.46,60.58
2766,2.17,63.72
2767,8.28,92.37
2768,8.02,84.86
2769,8.39,79.85
2770,9.61,71.44
2771,2.42,42.74
2772,8.01,91.18
2773,1.61,39.05
2774,2.93,51.53
2775,2.4,62.93
2776,6.01,56.99
2777,1.2,63.43
2778,6.18,69.77
2779,0.37,17.72
2780,6.26,60.95
2781,6.22,68.28
2782,4.84,78.08
2783,4.42,72.8
2784,1.26,53.44
2785,7.4,81.04
2786,7.12,74.63
2787,4.99,59.87
2788,2.76,42.8
2789,6.59,83.06
2790,1.19,47.04
2791,3.1,65.3
2792,6.21,94.1
2793,1.69,52.77
2794,4.42,60.59
2795,7.82,89.19
2796,3.37,52.4
2797,7.77,83.23
2798,1.2,64.97
2799,0.41,35.96
2800,3.18,46.52
2801,8.1,69.82
2802,8.25,93.66
2803,0.38,47.88
2804,8.19,93.69
2805,4.82,71.6
2806,2.26,53.55
2807,3.46,59.73
2808,1.43,47.97
2809,4.49,55.63
2810,0.82,45.36
2811,8.64,80.13
2812,5.41,74.07
2813,1.05,34.59
2814,8.84,72.79
2815,3.95,75.42
2816,1.25,44.56
2817,9.95,100
2818,9.26,96.62
2819,0.7,35.44
2820,8.74,74.35
2821,2.65,47.25
2822,6.24,51.24
2823,4.84,67.4
2824,5.24,60.91
2825,5.79,54.74
2826,8.61,74.5
2827,2.97,66.99
2828,2.9,65.98
2829,3.95,71.64
2830,3.08,48.69
2831,8.61,98.51
2832,4.27,52.64
2833,4.28,67.93
2834,4.07,58.56
2835,5.99,84.17
2836,5.73,75.59
2837,6.44,56.75
2838,8.35,96.34
2839,6.58,69.49
2840,5.44,60.19
2841,6.89,71.07
2842,0.47,30.22
2843,5.22,61.18
2844,8.03,67.62
2845,2.39,66.55
2846,9.71,87.78
2847,4.77,40.83
2848,0.06,27.97
2849,1.68,45.2
2850,9.25,58.27
2851,5.37,45.75
2852,6.92,57.52
2853,3.64,68.06
2854,7.56,80.46
2855,4.53,60.57
2856,2.85,40.07
2857,1.36,42.01
2858,8.28,69.39
2859,3.89,60.54
2860,7.94,85.13
2861,1.38,44.94
2862,5.06,68.36
2863,3.42,67.79
2864,8.54,83.05
2865,7.01,64.69
2866,7.59,96.83
2867,5.95,72.18
2868,4.74,58.84
2869,8.16,79.3
2870,9.2,88.51
2871,6.87,72.89
2872,7.13,68.64
2873,5.45,73.77
2874,4.19,60.04
2875,8.41,75.88
2876,0.65,24.62
2877,8.83,78.6
2878,7.25,79.96
2879,0.81,50.52
2880,1,32.28
2881,8.14,95.81
2882,1.22,35.43
2883,7.82,72.98
2884,2.02,51.87
2885,8.27,85.52
2886,0.22,40.87
2887,1.82,43.16
2888,4.87,46.84
2889,9.92,79.03
2890,1.84,51.83
2891,0.05,43.77
2892,1.18,48.37
2893,5.03,64.43
2894,3.27,56.22
2895,5.47,68.37
2896,7.12,100
2897,4.41,62.08
2898,5.37,56.61
2899,7.73,89.21
2900,7.24,90.82
2901,5.49,75.85
2902,2.47,51.14
2903,2.18,35.23
2904,6.42,79.78
2905,9.21,97.44
2906,9.38,74.91
2907,3.84,48.74
2908,1.46,40.46
2909,7.29,67.37
2910,4.87,64.05
2911,2.53,33.16
2912,8.28,82.83
2913,1.45,43.63
2914,5.95,82.95
2915,2.72,43.03
2916,9.41,100
2917,1.45,45.53
2918,9.11,86.61
2919,7.03,67.03
2920,2.77,35.51
2921,0.6,27.46
2922,7.06,76.45
2923,1.64,47.94
2924,1.77,61.69
2925,5.11,64.37
2926,3.39,69.79
2927,0.43,59.15
2928,8.43,84.86
2929,3.07,65.19
2930,4.81,60.1
2931,3.8,43.35
2932,6.58,70.87
2933,9.11,83.75
2934,7.98,68
2935,3.98,58.78
2936,1.39,62.11
2937,3,50.77
2938,2.8,72.21
2939,2.54,42.7
2940,7.82,65.79
2941,6.73,58.9
2942,4.54,66.26
2943,3.75,56.05
2944,2.73,54.95
2945,2.93,64.33
2946,4.71,77.24
2947,3.9,54.7
2948,0.25,57.77
2949,8.57,81.37
2950,1.4,43.66
2951,9.42,73.51
2952,5.6,57.59
2953,2.6,52.08
2954,0.4,44.19
2955,5.08,55.61
2956,4.96,75.88
2957,3.73,71.39
2958,5.7,49.13
2959,9.68,81.29
2960,0.82,51.29
2961,7.23,85.8
2962,7.84,81.19
2963,0.37,40.75
2964,2.01,50.68
2965,3.32,61.1
2966,5.67,70.26
2967,0.11,73.54
2968,0.85,36.74
2969,4.63,56.36
2970,4.5,69.26
2971,7.59,89.13
2972,8.68,84.42
2973,1.86,49.99
2974,7.59,76.57
2975,1,57.43
2976,2.21,47.13
2977,8.95,81.7
2978,8.04,91.82
2979,1.67,60.25
2980,9.85,86.05
2981,8.18,77.33
2982,4.43,77.45
2983,5.85,82.61
2984,8.87,95.98
2985,8.11,73.42
2986,7.43,63.51
2987,8.42,91.65
2988,4.07,61.69
2989,8.73,96.32
2990,9.06,72.37
2991,8.92,100
2992,0.08,37.15
2993,6.16,69.35
2994,4.55,65.34
2995,5.68,61.87
2996,8.99,86.87
2997,1.7,42.07
2998,7.67,80.57
2999,1.13,36.81
3000,7.66,70.37
3001,2.74,61.74
3002,9.44,100
3003,4.46,59.48
3004,5.42,60.1
3005,1.62,57.64
3006,6.93,71.98
3007,7.97,86.72
3008,7.74,62.39
3009,2.13,55.78
3010,2.04,71.35
3011,6.33,74.02
3012,7.61,90.7
3013,8.08,81.43
3014,8.29,91.24
3015,1.19,42.18
3016,2.81,49.89
3017,8.47,86.55
3018,1.08,50.31
3019,0.17,53.44
3020,4.13,70.15
3021,5.91,62.15
3022,5.16,62.83
3023,9.35,84.72
3024,2.61,59.5
3025,7.11,61.36
3026,1.68,58.33
3027,8.2,81.38
3028,7.5,78.78
3029,2.9,62.02
3030,1.8,48.36
3031,6.17,63.84
3032,6.12,63.42
3033,8.66,77.76
3034,6.4,74.81
3035,0.92,30.37
3036,8.67,70.74
3037,8.42,90.87
3038,4.95,57.2
3039,0.79,39.67
3040,0.22,63.3
3041,3.09,51.39
3042,7.32,72.76
3043,9.96,95.09
3044,4.55,71.13
3045,6.95,82.72
3046,9.45,100
3047,4.64,83.79
3048,7.07,87.75
3049,8.36,69.02
3050,0.49,39.59
3051,4.04,39.45
3052,5.41,53.07
3053,7.33,79.06
3054,1.46,51.94
3055,3.65,47.69
3056,0.2,36.95
3057,0.09,55.98
3058,7.96,80
3059,6.82,86.13
3060,0.26,46.32
3061,3.05,52.1
3062,9.48,79.63
3063,2.83,58.98
3064,3.59,51.58
3065,5.02,64.25
3066,2.65,56.41
3067,9.1,84.83
3068,1.81,39.44
3069,6.16,59.96
3070,0.48,45.53
3071,8,86.39
3072,6.62,76.18
3073,7.35,81.88
3074,0.44,31.11
3075,5.4,64.27
3076,6.26,78.79
3077,7.49,91.55
3078,1.5,38.24
3079,4.45,45.65
3080,6.99,76.11
3081,1.06,48.91
3082,7.72,87.59
3083,6.36,86.35
3084,5.92,69.06
3085,0.11,27.14
3086,0.2,25.04
3087,1.62,31.52
3088,0.68,43.09
3089,4.76,67.83
3090,9.83,82.72
3091,4.36,75.04
3092,9.48,93.07
3093,3.37,54.49
3094,4.92,71.49
3095,8.39,86.45
3096,8.26,77.81
3097,1.42,51.82
3098,1.15,58.75
3099,0.04,48.37
3100,7.41,83.17
3101,7.82,74.05
3102,2.13,52.36
3103,5.18,55.37
3104,1.92,53.1
3105,4.57,58.67
3106,5.27,58.03
3107,3.48,48.3
3108,7.42,77.67
3109,0.46,40.02
3110,2.85,45.56
3111,1.7,49.26
3112,2.75,71.05
3113,6.94,92.18
3114,8.48,75.03
3115,5.08,58.75
3116,9.54,88.34
3117,0.78,40.51
3118,5.23,84.02
3119,7.25,81.2
3120,1,50.7
3121,7.84,84.91
3122,4.5,59.58
3123,4.46,70.66
3124,7.3,62.8
3125,4.93,64.62
3126,1.07,58.65
3127,9.21,68.05
3128,2.4,41.63
3129,6.54,61.5
3130,8.84,91.53
3131,8.89,84.22
3132,9.76,86.23
3133,4.82,71.45
3134,0.96,26.65
3135,9.3,95.79
3136,3.16,50.94
3137,4.7,67.25
3138,5.56,77.85
3139,8.21,74.5
3140,6.36,88.93
3141,3.65,56.58
3142,4.8,72.12
3143,1.41,30.8
3144,2.38,43.2
3145,8.42,81.19
3146,8.13,90.09
3147,9.89,90.53
3148,7.29,62.35
3149,3.72,64.27
3150,5.1,67.9
3151,9.29,96.78
3152,5.78,67.73
3153,4.06,82.31
3154,2.12,39.49
3155,8.22,87.2
3156,4.92,80.73
3157,1.61,43.48
3158,7.1,81.95
3159,6.09,73.98
3160,1.1,41.61
3161,2.23,67.76
3162,5.47,64.58
3163,0.88,36.37
3164,1.29,27.36
3165,7.44,86.34
3166,8.83,71.73
3167,9.46,93.09
3168,2.57,57.14
3169,2.15,26.31
3170,2.08,51.71
3171,1.88,50.25
3172,1.98,57.68
3173,1.42,38.01
3174,6.95,87.41
3175,3.23,66.6
3176,3.81,82.56
3177,7.47,92
3178,2.81,45.67
3179,7.62,78.82
3180,0.73,38.19
3181,6.71,58.9
3182,9.19,67.4
3183,7.76,78.66
3184,7.4,65.21
3185,3.2,59.3
3186,6.34,79.81
3187,4.31,73.94
3188,3.33,54.07
3189,7.52,88.69
3190,0.21,52.38
3191,3.89,63.21
3192,3.03,49.71
3193,1.68,57.93
3194,6.15,52.12
3195,0.84,57.6
3196,2.16,63.28
3197,9.97,88.68
3198,1.26,48.83
3199,0.45,24.75
3200,8.99,78.11
3201,5.12,61.02
3202,0.51,61.21
3203,9.73,73.68
3204,1.58,38.17
3205,7.99,82.59
3206,1.56,50.28
3207,4.26,59.16
3208,1.92,50.06
3209,7.03,82.93
3210,8.01,76.87
3211,9.63,98.96
3212,0.48,50.2
3213,5.75,86.2
3214,4.21,58.39
3215,2.85,43.8
3216,3.45,59.55
3217,9.27,95.55
3218,9.07,99.23
3219,9.69,100
3220,7.99,60.45
3221,1.62,44.2
3222,2.73,66.81
3223,7.64,68.43
3224,8.23,77.57
3225,5.51,55.36
3226,1.45,39.08
3227,7.59,70.73
3228,0.87,36.01
3229,7.01,80.63
3230,8.29,60.27
3231,4.92,64.5
3232,5.48,81.92
3233,6.69,59.87
3234,0.35,46.43
3235,1.13,34
3236,6.88,71.47
3237,0.8,45.63
3238,3.16,65.53
3239,7.64,80.58
3240,3.5,50.39
3241,5.34,74.25
3242,8.93,68.62
3243,4.48,69.75
3244,3.28,46.61
3245,0.47,30.78
3246,3.89,60.55
3247,2.85,33.82
3248,2.7,46.54
3249,5.76,60.6
3250,6.29,60.23
3251,3.13,57.54
3252,6.89,75.51
3253,5.32,71.96
3254,7.6,95.22
3255,6.5,70.91
3256,4.97,84.73
3257,4.45,44.05
3258,3.21,38.92
3259,6.66,63.29
3260,0.08,37.72
3261,4.04,59.3
3262,8.47,98.73
3263,3.75,54.21
3264,8.42,92.49
3265,4,61.69
3266,7.35,85.44
3267,7.39,88.24
3268,3.26,37.98
3269,7.94,86.04
3270,8.11,76
3271,9.9,84.87
3272,8.67,72.64
3273,1.63,44.58
3274,5.91,56.17
3275,2.4,43.73
3276,4.82,64.18
3277,7.4,74.49
3278,0.28,48.83
3279,9.49,64.91
3280,9.36,95.11
3281,8.9,89.1
3282,6,56.99
3283,3.2,51.09
3284,6.54,69.34
3285,2.49,52.03
3286,8.42,71.24
3287,9.55,75.66
3288,4.55,80.57
3289,9.39,77.55
3290,1.82,40.66
3291,5.85,69.65
3292,3.99,70.07
3293,9.55,78.14
3294,1.54,50.43
3295,4.97,76.72
3296,7.43,78.68
3297,2.07,48.28
3298,4.06,63.68
3299,4.8,65.07
3300,4.5,52.37
3301,5.32,69.69
3302,3.73,49.9
3303,0.59,62.29
3304,8.66,74.36
3305,4.32,77.71
3306,1.06,49.65
3307,3.38,62.8
3308,4.31,61.67
3309,6.88,60.47
3310,0.63,42.8
3311,2.98,52.62
3312,4.89,88.18
3313,6.85,78.14
3314,4.96,63.67
3315,7.04,76
3316,6.43,92.91
3317,3.9,43.4
3318,5.07,64.55
3319,4.83,65.65
3320,7.44,80.06
3321,9.91,100
3322,4.95,57.57
3323,9.39,66.57
3324,5.4,61.74
3325,9.4,79.08
3326,9.16,66.67
3327,5.23,68.11
3328,8,81.33
3329,2.01,40.56
3330,9.3,100
3331,7.16,90.44
3332,7.64,71.95
3333,5.26,79.68
3334,3.08,43.65
3335,10,91.46
3336,5.33,89.42
3337,0.27,50.63
3338,0.46,38.42
3339,4.2,39.33
3340,5.83,76.39
3341,9.31,78.25
3342,4.49,79.26
3343,0.18,54.03
3344,8.45,85.79
3345,3.98,73.98
3346,7.04,59.86
3347,6.31,93.28
3348,8.68,99.6
3349,4.13,72.95
3350,9.9,94.16
3351,1.76,40.7
3352,2,45.17
3353,4.51,58.53
3354,4.59,76.52
3355,9.1,66.24
3356,4.77,60.59
3357,0.89,50.08
3358,2.8,37.01
3359,9.21,80.74
3360,9.6,100
3361,8.2,82.68
3362,1.74,59.88
3363,1.08,44.65
3364,4.21,70.24
3365,0.67,48.94
3366,6.35,82.48
3367,5.14,66
3368,5.7,58.41
3369,6.13,57.05
3370,4.62,70.73
3371,8.82,79.88
3372,4.05,52.06
3373,4.85,71.14
3374,5.08,69.33
3375,6.63,61.61
3376,2.89,37.65
3377,9.01,70.29
3378,3.13,70.58
3379,8.79,88.53
3380,8.16,78.08
3381,7.96,84.99
3382,9.31,85.63
3383,6.27,56.31
3384,1.67,57.06
3385,6.48,81.88
3386,4.71,50.15
3387,8.85,98.36
3388,7.64,76.78
3389,8.65,75.65
3390,6.23,100
3391,4.75,62.06
3392,9.34,69.79
3393,6.42,73.07
3394,2.81,60.16
3395,9.55,98.91
3396,3.32,60.39
3397,9.29,85.34
3398,6.9,68.75
3399,1.64,54.27
3400,3.56,50.89
3401,9.26,95.34
3402,9.77,85.08
3403,4.66,42.33
3404,3.06,63.61
3405,0.58,40.13
3406,6.39,72.22
3407,9.02,100
3408,8.28,79.66
3409,5.34,69.05
3410,1.49,48.95
3411,8.33,97.02
3412,8.67,80.26
3413,9.74,80.67
3414,0.8,36.58
3415,8.6,62.02
3416,1.81,30.36
3417,3.62,71.11
3418,9.84,88.68
3419,4.46,63.08
3420,8.58,85.19
3421,1.62,60.14
3422,1.88,46.64
3423,2.06,48.59
3424,0.23,50.49
3425,6.88,85.64
3426,0.05,50.02
3427,3.82,47.53
3428,9.74,90.72
3429,7.45,72.77
3430,9.08,80.89
3431,7.97,82.73
3432,2.14,66.17
3433,6.42,54.91
3434,0.87,35.97
3435,3.45,57
3436,9.77,85.04
3437,0.67,51.86
3438,8.12,78.63
3439,5.46,62.51
3440,2.45,66.4
3441,1.5,56.81
3442,4.39,51.77
3443,7.41,59.28
3444,9.39,89.28
3445,7.8,100
3446,8.37,76.92
3447,6.24,57.35
3448,1.3,35.75
3449,1.5,34.22
3450,6.21,67.59
3451,2.25,60.94
3452,8.51,85.65
3453,3.12,65.83
3454,7.87,91.05
3455,5.59,70.32
3456,8.09,84.05
3457,9.91,79.82
3458,2.82,60.73
3459,1.79,49.75
3460,7.21,68.31
3461,0.16,37.36
3462,9.75,90.83
3463,4.52,86.81
3464,0.49,55.24
3465,2.01,40.87
3466,1.05,51.8
3467,0.15,31.95
3468,9.32,92.4
3469,1.91,37.05
3470,9.7,74.23
3471,3.54,59.53
3472,9.32,95.79
3473,1.35,37.49
3474,8.54,92.18
3475,7.63,90.6
3476,6.4,78.59
3477,8.18,92.07
3478,5.02,66.24
3479,3.73,76.09
3480,8.91,93.99
3481,0.69,45.55
3482,0.74,37.83
3483,7.24,77.99
3484,9.53,99.97
3485,1.96,56.44
3486,4.36,54.99
3487,2.03,41.97
3488,9.26,91.65
3489,5.59,58.14
3490,3.75,72.48
3491,1.64,47.77
3492,9.7,90.45
3493,3.84,37.38
3494,4.86,77.36
3495,2.2,47.35
3496,3.35,65.01
3497,6.53,52.12
3498,7.53,83.07
3499,1.99,53.56
3500,2.86,38.37
3501,1.99,51.7
3502,5.66,55.6
3503,1.68,39.72
3504,9.44,93.44
3505,5.04,64.16
3506,0.47,39.79
3507,8.88,77.2
3508,1.97,29.64
3509,1.87,53.25
3510,5.66,44.39
3511,5.86,79.94
3512,9.7,90.19
3513,2.56,53.77
3514,7.99,75.22
3515,1.38,25.57
3516,2.45,57.06
3517,8.62,86.18
3518,6.18,66.98
3519,2.85,57
3520,6.53,80.76
3521,9.47,92.13
3522,4.59,69.5
3523,2.46,57.2
3524,5.32,60.36
3525,7.44,96.58
3526,1.54,53.29
3527,8.67,87.11
3528,6.45,68.92
3529,9.84,72.08
3530,1.6,45.62
3531,2.03,45.43
3532,8.4,61.83
3533,5.3,74.45
3534,1.16,45.09
3535,8.25,94.94
3536,8.45,80.79
3537,3.08,70.5
3538,9.03,73.56
3539,7.24,65.25
3540,8.83,80.92
3541,3.33,67.75
3542,9.96,74.8
3543,1.29,64.08
3544,0.28,47.1
3545,0.13,46.27
3546,2.21,42.89
3547,6.97,76.55
3548,0.32,34.39
3549,3.66,56.39
3550,5.13,62.45
3551,9.57,96.38
3552,1.04,41.27
3553,1.32,40.39
3554,6.18,70.78
3555,3.13,61.67
3556,4.89,72.94
3557,7.9,86
3558,0.15,53.81
3559,3.97,68.01
3560,6.74,56.9
3561,6.87,88.59
3562,9.04,95.03
3563,9.12,80.45
3564,2.65,66.57
3565,9.85,73.23
3566,0.68,43.7
3567,5.2,82.77
3568,8.84,90.68
3569,2.01,55.22
3570,5.89,50.44
3571,1.39,34.26
3572,9.33,77.94
3573,2.92,48.91
3574,2.68,69.95
3575,3.35,55.33
3576,2.16,44.04
3577,1.13,44.3
3578,8.67,95.93
3579,7.25,80.12
3580,9.36,83.13
3581,9.23,64.14
3582,1.1,52.56
3583,3.29,52.91
3584,7.33,79.16
3585,1.49,46.1
3586,7.04,72.97
3587,1.01,49.57
3588,6.17,73.29
3589,7.79,79.13
3590,5.79,86.77
3591,5.13,55.85
3592,2.88,59.35
3593,0.28,45.08
3594,3.1,48.84
3595,4.51,46.1
3596,0.87,48.62
3597,5,71.63
3598,9.99,97.2
3599,1.99,52.35
3600,9.04,88.87
3601,1.11,45.2
3602,6.06,67.34
3603,3.25,63.65
3604,8.61,87.35
3605,2.41,72.32
3606,3,52.48
3607,2.5,39.98
3608,7.14,70.92
3609,0.11,43.43
3610,4.26,68.78
3611,4.41,63.08
3612,6.49,76.53
3613,8.29,84.45
3614,5.82,77.83
3615,8.76,100
3616,2.84,66.21
3617,9.81,94.04
3618,7.92,82.88
3619,6.05,59.86
3620,8.12,86.87
3621,1.46,33.43
3622,2.58,47.95
3623,6.92,95.26
3624,3.09,50.44
3625,8.64,88.42
3626,6.81,79.5
3627,9.7,83.95
3628,1.24,39.88
3629,7.91,88.45
3630,5.59,86.51
3631,9.22,87.87
3632,2.83,45.59
3633,6.7,73.46
3634,1.89,27.61
3635,1.01,37.69
3636,2.17,62.38
3637,1.95,35.15
3638,0.61,43.82
3639,9.7,100
3640,2.54,41.71
3641,7.59,71.75
3642,3.94,58.37
3643,2.52,63.87
3644,7.97,74.9
3645,2.4,42.36
3646,1.5,44.79
3647,1.79,43.27
3648,9.38,90.27
3649,5.59,66.61
3650,7.29,74.11
3651,4.01,48.19
3652,2.26,68.63
3653,1.73,39.33
3654,9.91,71.32
3655,8.88,78.93
3656,0.79,33.7
3657,5.07,78.54
3658,8.91,83.45
3659,7.76,70.74
3660,0.98,47.76
3661,3.52,61.36
3662,7.39,87.12
3663,5.69,62.59
3664,5.44,55.06
3665,8.49,92.3
3666,2.77,54.39
3667,7.5,74.32
3668,1.82,52.32
3669,8.27,80.87
3670,5.99,65.13
3671,0.34,36.51
3672,5.05,63.21
3673,5.7,64.98
3674,7.14,77.03
3675,4.24,71.38
3676,7.21,66.75
3677,2.58,63.8
3678,9.18,90.51
3679,2.88,45.67
3680,9.39,83.5
3681,9.53,98.67
3682,1.44,60.97
3683,6.67,76.19
3684,9.43,85.27
3685,4.43,43.61
3686,4.6,44.69
3687,8.26,87.32
3688,6.8,76.7
3689,2.93,63.84
3690,6.21,86.47
3691,5.55,79.11
3692,5.4,62.79
3693,9.26,95.89
3694,3.16,50.57
3695,3.7,66.49
3696,3.46,71.69
3697,2.12,51.16
3698,9.37,95.21
3699,2.92,45.18
3700,9.96,89.89
3701,1.47,38.68
3702,8.51,84.19
3703,6,63.97
3704,8.36,78.31
3705,6.28,66.64
3706,4.54,59.58
3707,8.04,72.41
3708,1.21,39.48
3709,9.64,85.64
3710,5.37,78.51
3711,9.2,98.67
3712,5.41,66.76
3713,1.06,51.54
3714,5.58,79.36
3715,9.77,81.36
3716,4.95,62.07
3717,5.55,72.38
3718,9.2,92.38
3719,3.5,55.09
3720,9.44,89.87
3721,9.68,89.23
3722,8.42,77.42
3723,6.66,51.2
3724,2.31,57.91
3725,9.58,94.81
3726,5.51,76
3727,4.83,61.92
3728,9.3,100
3729,2.32,60.07
3730,7.42,89.56
3731,0.25,41.79
3732,2.45,22.83
3733,8.7,93.53
3734,3.81,52.2
3735,1.87,39.45
3736,1.56,43.59
3737,8.08,98.44
3738,8.11,58.3
3739,5.48,61.23
3740,2.94,67.15
3741,6.82,69.61
3742,8.44,94.36
3743,8.97,97.23
3744,9.16,100
3745,3.14,64.37
3746,8.27,64.33
3747,3.22,36.13
3748,3.44,34.76
3749,4.08,48.49
3750,1.4,25.41
3751,8.56,79.1
3752,2.17,38.05
3753,3.17,36.05
3754,5.41,54.69
3755,4.3,56.11
3756,3.65,56.05
3757,7.87,66.36
3758,8.7,97.98
3759,7.82,77.13
3760,5.06,74.21
3761,7.87,86.27
3762,0.16,49.65
3763,5.2,64.9
3764,8.11,80.66
3765,7.77,66.89
3766,9.71,95.86
3767,6.13,59.1
3768,3.07,60.71
3769,2.63,50.13
3770,6.43,55.25
3771,9.64,82.76
3772,4.01,64.58
3773,0.31,35.07
3774,1.26,53.78
3775,8.01,70.15
3776,3.09,54.68
3777,6.34,55.06
3778,4.38,55.42
3779,5.09,56.83
3780,3.49,51.69
3781,2.7,50.97
3782,6.17,73.9
3783,3.97,53.7
3784,0.85,51.19
3785,9.65,79.17
3786,8.41,86.61
3787,4.61,57.86
3788,1.79,67.88
3789,3.5,56.76
3790,4.22,68.27
3791,1.9,57.89
3792,6.79,68.97
3793,3.1,61.25
3794,7.92,70.8
3795,4.66,74.67
3796,0.61,51.73
3797,0.87,43.88
3798,1.77,45.67
3799,8.73,68.98
3800,4.15,63.83
3801,5.39,74.97
3802,0.93,34.2
3803,9.29,93.03
3804,5.82,76.48
3805,8.39,100
3806,4.09,52.15
3807,9.21,89.93
3808,9.79,67.39
3809,0.91,45.74
3810,0.6,49.97
3811,7.19,88.73
3812,3.96,48.58
3813,3.59,63.37
3814,1.03,44.77
3815,4.81,68.07
3816,1.93,60.49
3817,2.74,54.3
3818,9.32,100
3819,5.85,61.19
3820,0.75,57.08
3821,5.37,78.15
3822,9.03,68.92
3823,0.17,37.51
3824,3.51,45.43
3825,8.03,90.35
3826,7.46,94.87
3827,5.61,37.69
3828,1.34,68.53
3829,1.66,49.7
3830,8.13,82.03
3831,1.35,32.81
3832,8.64,84.51
3833,2.45,46.24
3834,0.76,53.84
3835,0.57,29.23
3836,8.45,71.78
3837,5.55,72.72
3838,4,59.09
3839,9.33,83.66
3840,9.23,75.6
3841,5.76,73.17
3842,2.89,48.81
3843,7.01,72.74
3844,5.91,72.2
3845,0.69,60.44
3846,2.53,52.54
3847,0.62,32
3848,6.71,69.48
3849,1.85,39.07
3850,8.65,88.56
3851,7.65,70.34
3852,7.64,74.24
3853,1.88,49.69
3854,1.45,40.83
3855,7.12,74.37
3856,8.89,77.01
3857,4.13,62.83
3858,3.17,73.25
3859,6.49,69.07
3860,5.97,75.65
3861,1.49,35.06
3862,9.05,83.58
3863,1.71,44.15
3864,6.29,76.9
3865,4.59,63.79
3866,3.31,56.82
3867,4.17,78.48
3868,6.69,70.94
3869,0.37,43.26
3870,3.34,57.26
3871,7.04,71.86
3872,3.95,68.7
3873,0.26,49.14
3874,9.67,100
3875,3.39,58.07
3876,8.77,86.83
3877,5.22,69.81
3878,5.78,87.38
3879,2.41,47.06
3880,0.92,45.2
3881,0.8,43.39
3882,9.6,79.06
3883,3.45,58.53
3884,8.14,69.04
3885,4.56,53.72
3886,0.93,45.49
3887,1.78,63.58
3888,8.2,87.56
3889,0.87,61.61
3890,7.7,69.94
3891,1.16,58.28
3892,7.48,94.06
3893,2.99,45.01
3894,7.17,56.13
3895,3.25,53.57
3896,7.24,82.32
3897,9.22,89.55
3898,6.89,81.5
3899,0.99,31.14
3900,8.37,75.37
3901,6.48,84.97
3902,2.75,54.68
3903,3.38,56.23
3904,5.82,71.94
3905,5.37,77.2
3906,5.63,46.8
3907,2.53,36.71
3908,5.43,74.79
3909,7.89,97.49
3910,1.84,48.09
3911,0.44,37.08
3912,6.05,69.9
3913,5.61,60.8
3914,4.18,52.51
3915,5.1,53.08
3916,7.36,81.38
3917,8.54,83.94
3918,5.5,57.38
3919,4.11,58.81
3920,2.35,56.47
3921,6.9,66.3
3922,7.28,65.2
3923,6.55,74.11
3924,6.87,79.42
3925,2.59,43.56
3926,3.06,36.41
3927,4.67,68.15
3928,3.63,52.87
3929,4.47,79.33
3930,9.83,90.27
3931,8.69,94.03
3932,5.51,71.56
3933,5.95,68.91
3934,3.11,67
3935,6.14,77.22
3936,2.81,53.55
3937,9.9,100
3938,7.27,91.12
3939,6.61,76.1
3940,6.49,81.9
3941,6.42,63.39
3942,7.23,84.11
3943,7.03,77.6
3944,3.75,72.3
3945,9.39,87.97
3946,2.8,54.1
3947,8.32,68.64
3948,0.58,50.96
3949,6.32,76.86
3950,7.43,77.99
3951,2.71,55.81
3952,9.77,86.99
3953,6.39,72
3954,0.36,50.72
3955,5.56,77.2
3956,7.38,68.51
3957,0.33,30.17
3958,0.84,49.63
3959,0.62,31.49
3960,3.53,57.14
3961,0.36,45.37
3962,4.46,67.25
3963,9.21,89.43
3964,6.03,70.93
3965,7.32,81.76
3966,3.51,69.08
3967,0.09,41.61
3968,7.51,81.95
3969,6.8,76.24
3970,3.35,69.76
3971,5.25,80.36
3972,5.78,61.93
3973,3.99,79.76
3974,8.37,91.99
3975,2.28,49.37
3976,8.35,70.82
3977,1.02,47.77
3978,5.78,88.6
3979,8.06,83.29
3980,7.85,73.19
3981,2.82,58.27
3982,8.74,77.99
3983,4.47,57.79
3984,3.42,54.17
3985,7.21,89.4
3986,1.47,39.07
3987,7.04,68.12
3988,1.82,69.69
3989,3.47,59.7
3990,4.49,64.67
3991,2.94,48.71
3992,9.13,80.8
3993,6.02,59.83
3994,4.19,69.5
3995,1.19,57.37
3996,2.33,53.25
3997,6.2,82.53
3998,6.87,77.84
3999,5.69,65.8
4000,3.54,45.2
4001,5.99,82.42
4002,9.69,78.51
4003,3.91,66.21
4004,8.53,81.38
4005,0.42,39.36
4006,4.25,52.54
4007,0.22,30.76
4008,0.32,38.49
4009,0.98,40.25
4010,9.43,92.2
4011,6.43,80.47
4012,1.47,46.57
4013,4.4,83.1
4014,4.05,53.84
4015,2.31,42.72
4016,6.87,76.4
4017,2.17,60.9
4018,8.31,72.94
4019,7.09,81.44
4020,5.23,70.22
4021,0.54,35.38
4022,6.25,80.85
4023,7.73,72.35
4024,3.83,57.66
4025,6.73,76.85
4026,0.29,60.81
4027,1.92,35.42
4028,7.33,65.31
4029,4.61,47.43
4030,4.49,52.63
4031,8.14,79.54
4032,9.1,76.85
4033,9.12,78
4034,9.16,99.96
4035,9.32,83.52
4036,5.4,68.54
4037,6.45,76.1
4038,0.61,26.97
4039,4.15,32.49
4040,5.17,73.29
4041,6.76,56.69
4042,3.62,64.09
4043,3.98,62.11
4044,2.45,52.83
4045,1.58,46.53
4046,5.31,80.49
4047,8.01,77.33
4048,4.43,66.28
4049,7.56,76.89
4050,6.38,77.79
4051,8.96,81.3
4052,3.83,52.39
4053,9.52,100
4054,7.11,82.21
4055,9.29,72.95
4056,3.75,48.28
4057,7.85,79.95
4058,2.19,42.86
4059,4.85,61.47
4060,6.81,85.9
4061,4.64,58.84
4062,9.39,84.36
4063,3.4,58.84
4064,0,25.99
4065,2.17,44.47
4066,0.36,46.04
4067,3.48,52.85
4068,0.98,40.04
4069,7.3,68.83
4070,7.36,66.54
4071,6.5,74.05
4072,8.86,86.11
4073,1.14,49.43
4074,2.7,62.34
4075,8.85,79.73
4076,9.72,69.05
4077,9.02,90.68
4078,6.96,76.32
4079,9.31,83.81
4080,7.48,87.46
4081,1.11,31.71
4082,5.38,69.36
4083,3.4,61.4
4084,7.25,90.22
4085,3.41,81.6
4086,7.51,90.86
4087,3.26,56.63
4088,2.88,60.21
4089,2.86,71.96
4090,2.05,45.01
4091,2.88,51.59
4092,2.65,40.44
4093,1.66,36.08
4094,1.64,40.23
4095,2.87,40.01
4096,5.12,67.52
4097,3.7,73.12
4098,9.42,75.59
4099,5.77,47.43
4100,5.37,70.67
4101,7.28,67.07
4102,3.17,42.26
4103,8.31,79.77
4104,6.61,81.84
4105,2.12,38.57
4106,3.48,53.15
4107,5.17,68.08
4108,9.06,88.27
4109,9.9,82.07
4110,2.92,51.3
4111,3.22,61.21
4112,6.29,79.58
4113,7.7,71.31
4114,2.29,42.69
4115,2.42,48.81
4116,1.31,38.22
4117,8.57,100
4118,1,75.59
4119,7.07,74.43
4120,5.44,53.72
4121,1.79,57.9
4122,1.94,45.18
4123,8.47,73.57
4124,6.74,63.13
4125,8.7,91.19
4126,6.26,58
4127,8.11,63.04
4128,9.34,82.16
4129,0.03,40.75
4130,4.74,71.42
4131,5.57,83.05
4132,2.18,52.57
4133,9.36,73
4134,9.78,92.69
4135,4.32,72.16
4136,8.08,72.54
4137,2.55,43.94
4138,5.89,69.26
4139,4.39,77.33
4140,1.88,53.68
4141,0.09,47.42
4142,3.81,45.39
4143,1.27,58.11
4144,9.61,78.98
4145,4.65,61.51
4146,2.33,45.1
4147,7.98,75.76
4148,6.7,65.36
4149,5.84,77.9
4150,6.67,69.58
4151,7.39,66.46
4152,6.71,100
4153,1.51,52.17
4154,6.06,74.2
4155,9.31,71.1
4156,3.81,65.86
4157,8.83,92.7
4158,7,75.25
4159,7.31,58.65
4160,2.82,65.29
4161,4.31,82.26
4162,7.26,75.63
4163,8.06,75.9
4164,4.35,62.09
4165,2.68,70.58
4166,7.84,69.92
4167,1.9,57.9
4168,1.65,30.35
4169,0.13,31.34
4170,3.74,41.16
4171,5.77,71.04
4172,8.03,70.53
4173,0.1,30.04
4174,8.8,75.03
4175,4.9,59.1
4176,5.98,68.18
4177,6.71,90.06
4178,4.17,73.47
4179,7.85,75.42
4180,7.36,83.99
4181,8.47,83.44
4182,6.61,68.89
4183,7.31,81.12
4184,8.97,86.06
4185,1.95,56.74
4186,9.82,85.89
4187,8.13,76.45
4188,5.81,64.19
4189,5.25,72.84
4190,9.26,90.64
4191,0.31,49.44
4192,7.23,70.04
4193,4.55,58.21
4194,7.57,65.62
4195,0.37,27.14
4196,6.93,80.76
4197,1.46,32.92
4198,2.48,48.34
4199,2.68,53.73
4200,5.87,58.04
4201,2.79,73.92
4202,2.45,53.82
4203,8.23,83.22
4204,7.57,81.68
4205,4.74,61.77
4206,1.37,31.05
4207,1.74,50.73
4208,9.16,71.27
4209,2.63,58.3
4210,8.84,83.12
4211,2.83,57.42
4212,8.94,75.55
4213,5.75,69.52
4214,6.79,69.88
4215,7.05,79.9
4216,2.64,50.9
4217,3.37,56.86
4218,3.61,53.25
4219,3.67,45.3
4220,3.44,57.12
4221,6.98,74.79
4222,1.12,45.65
4223,1.92,38.15
4224,0.81,53.86
4225,4.36,67.97
4226,9.2,83.59
4227,4.43,68.27
4228,2.7,39.09
4229,2.22,28.19
4230,7.92,82.64
4231,2.55,68.6
4232,0.58,36.99
4233,3.79,59.86
4234,9.07,91.87
4235,1.89,59.07
4236,3.52,43
4237,4.62,63.12
4238,9.56,77.56
4239,1.01,42.57
4240,0.36,34.61
4241,6.46,70.5
4242,0.65,40.22
4243,3.19,43.72
4244,2.62,49.33
4245,7.88,88.16
4246,1.39,44.6
4247,6.65,61.68
4248,9.08,85.65
4249,3.04,40.31
4250,7.24,67.86
4251,3.64,55.84
4252,4.33,52.49
4253,7.29,73.38
4254,2.63,64.85
4255,7.69,59.73
4256,5.1,46.49
4257,6.83,74.3
4258,4.45,58.37
4259,6.29,69.74
4260,6.6,77.77
4261,0.37,52.34
4262,7.82,75.81
4263,5.48,77.01
4264,4.37,78.52
4265,0.78,33.06
4266,8.34,92.74
4267,5.3,83.72
4268,9.45,95.46
4269,2.54,61.65
4270,7.6,67.85
4271,4.58,64.72
4272,8.95,88.47
4273,1.19,43.78
4274,7.49,69.35
4275,4.35,63.85
4276,8.31,72.79
4277,9.36,99.62
4278,2.68,69.56
4279,9.66,90.1
4280,6.77,58.43
4281,0.06,49.96
4282,7.04,66.43
4283,0.49,52.68
4284,0.74,60.89
4285,0.78,47.2
4286,9.73,94.55
4287,1.01,44.51
4288,4.13,55.71
4289,9.81,80.22
4290,0.27,40.2
4291,8.45,96.15
4292,6.44,79.2
4293,4.56,60.77
4294,8.5,72.17
4295,8.37,78.57
4296,4.7,54.75
4297,9.88,96.35
4298,5.46,53.92
4299,7.38,78.58
4300,8.58,94.35
4301,9.62,93.78
4302,4.95,62.1
4303,1.26,56.62
4304,2.43,73.46
4305,1.4,46.93
4306,5.15,57.23
4307,8.57,79.31
4308,9.05,96.71
4309,8.14,97.15
4310,5.95,67.18
4311,8.08,76.51
4312,7.2,72.38
4313,6.86,60.77
4314,9.93,92.28
4315,3.19,63.87
4316,3.77,58.07
4317,8.29,92.77
4318,2.23,55.45
4319,9.68,91.87
4320,8.92,91.12
4321,8.93,88.37
4322,0.99,37.77
4323,0.84,59.58
4324,9.47,79.86
4325,6.82,60.3
4326,2.81,48.72
4327,5.05,67.24
4328,5.05,54.84
4329,5.35,77.33
4330,9.83,91.34
4331,4.28,50.85
4332,2.92,73.98
4333,1.03,45.32
4334,4.15,49.03
4335,6.3,73.01
4336,0.42,60.96
4337,9.12,77.27
4338,0.81,29.26
4339,9.49,82.15
4340,1.51,51.84
4341,6.84,71.23
4342,7.2,79.86
4343,2.31,44.54
4344,0.96,49.11
4345,2.8,58.56
4346,5.33,65.44
4347,2.7,56.14
4348,5.79,71.61
4349,7.27,80.53
4350,4.04,73.89
4351,4.07,71.47
4352,7.82,99.84
4353,9.98,100
4354,6.44,70.11
4355,3.94,60.82
4356,4.84,54.08
4357,5.59,50.42
4358,5.59,78.3
4359,4.18,64.68
4360,1.05,78.63
4361,2.6,53.62
4362,9.51,85.44
4363,8.02,88.1
4364,6.18,55.31
4365,2.99,46.7
4366,5.12,76.43
4367,5.01,67.51
4368,3.7,61.76
4369,3.89,60.58
4370,2.59,40.71
4371,0.02,22.35
4372,8.73,66.98
4373,7.42,84.62
4374,5.63,67.71
4375,5.63,67.61
4376,1.23,55.41
4377,1.97,61.75
4378,8.05,66.59
4379,9.14,90.51
4380,7.82,95.28
4381,1.03,62.08
4382,4.28,61.44
4383,0.38,51.17
4384,2.38,59.2
4385,2.46,69.93
4386,1.67,65.95
4387,1.18,36.29
4388,6.81,66.19
4389,7.85,100
4390,5.81,73.53
4391,5.34,62.53
4392,1.54,53.46
4393,3.56,54.26
4394,5.47,74.3
4395,5.04,58.41
4396,6.91,80.47
4397,1.71,62.8
4398,5.6,72.9
4399,5.72,70.76
4400,9.22,67.23
4401,5.75,66.55
4402,9.71,88.86
4403,4.71,68.78
4404,7.88,76.36
4405,4.99,64.23
4406,0.32,44.82
4407,1.34,39.91
4408,8.76,85.55
4409,8.25,81.88
4410,2.13,36.7
4411,0.69,38.33
4412,0.5,40.28
4413,9.87,87.1
4414,6.35,59.25
4415,9.48,95.2
4416,5.81,80.83
4417,6.98,73.26
4418,4.93,52.81
4419,0.88,49.97
4420,2.78,59.33
4421,6.65,62.94
4422,7.65,76.43
4423,0.48,45.74
4424,6.31,58.82
4425,3.94,58.96
4426,1.5,30.69
4427,7.85,77.96
4428,0.87,41.3
4429,8,80.61
4430,0.76,51.09
4431,5.13,62.28
4432,4.69,81.79
4433,4.06,52.99
4434,7.3,84.68
4435,6.04,71.88
4436,8.71,88.66
4437,0.56,59.55
4438,8.7,72.98
4439,3.53,67.95
4440,5.78,55.75
4441,9.65,92.37
4442,4.4,46.88
4443,0.41,33.54
4444,6.92,68.11
4445,9.48,66.57
4446,5.89,65.77
4447,7.01,61.53
4448,4.63,22.71
4449,3.59,56.3
4450,6.1,77.18
4451,9.87,77.45
4452,3.22,49.88
4453,4.84,65.92
4454,9.99,87.13
4455,9.71,84.33
4456,0.04,52.57
4457,5.1,79.27
4458,9.34,84.8
4459,7.1,81.43
4460,9.94,86.98
4461,2.83,55.58
4462,5.09,59.09
4463,1.77,39.6
4464,8.37,97.11
4465,0.23,53.55
4466,3.54,63.09
4467,2.67,30.92
4468,8.74,78.06
4469,7.66,65.77
4470,8.53,89.11
4471,1.35,52.54
4472,1.49,41.13
4473,1.23,56.59
4474,0.93,53.32
4475,3.3,47.33
4476,6.75,73.23
4477,5.63,67.56
4478,1.43,42.03
4479,3.1,48.39
4480,9.19,89.93
4481,8.87,97.38
4482,7.01,78.54
4483,6.15,79.68
4484,7.17,66.48
4485,4.86,54.8
4486,6.26,75.42
4487,1.35,37.81
4488,6.56,74.44
4489,1.75,38.17
4490,8.92,80.72
4491,6.78,62.84
4492,5.41,65.23
4493,3.7,52.61
4494,6.68,84.13
4495,8.66,87.34
4496,5.59,68.01
4497,0.51,34.36
4498,8.38,86.72
4499,6.31,75.33
4500,2.96,48.8
4501,3,69.16
4502,0.74,49.28
4503,9.28,96.23
4504,4.01,54.2
4505,6.65,82.66
4506,0.25,40.6
4507,1.53,45.09
4508,1.48,38.73
4509,0.95,22.7
4510,4.94,55.56
4511,5.91,67.09
4512,1.5,58.26
4513,3.79,62.17
4514,7.89,80.72
4515,4.67,64.41
4516,4.79,66.64
4517,4.34,62.89
4518,1.67,39.11
4519,7.44,90.43
4520,8.14,77.35
4521,1.41,62.2
4522,3.53,44.94
4523,10,84.17
4524,7.27,65.1
4525,6.16,70.73
4526,5.51,66.9
4527,2.96,60.57
4528,4.53,68.62
4529,4.42,63.05
4530,1.56,62.53
4531,7.06,81.92
4532,0.04,29.12
4533,7.37,78.49
4534,0.24,49.87
4535,0.38,38.08
4536,0.62,31.81
4537,0.19,54.38
4538,2.26,47.92
4539,4.64,57.67
4540,8.72,82.37
4541,7.99,76.88
4542,2.71,60.92
4543,5.66,72.76
4544,0.29,53.87
4545,8.47,81.16
4546,1.74,50.05
4547,6.57,67.44
4548,6.41,78.38
4549,6.6,61.34
4550,6.17,70.74
4551,9.54,91.57
4552,1.73,55.77
4553,1.44,40.81
4554,2.87,50.9
4555,2.14,45.68
4556,5.44,74.21
4557,6.51,80.36
4558,2.85,50.8
4559,6,63.88
4560,5.26,63.53
4561,0.14,24.37
4562,8.13,64.98
4563,7.05,62.37
4564,6.21,81.86
4565,0.99,52.8
4566,6.73,64.74
4567,1.1,51.99
4568,7.59,75.33
4569,9.58,91.98
4570,1.63,60.21
4571,8.77,86.08
4572,3.25,64.21
4573,2.27,59.17
4574,6.21,83.66
4575,9.52,97.25
4576,0.44,52.69
4577,2.98,49.62
4578,1.39,44.66
4579,8.48,89.41
4580,4.35,60.17
4581,9.16,93.9
4582,1.59,45.61
4583,9.08,92.21
4584,9.02,68.41
4585,8.95,80.63
4586,9.2,88.54
4587,3.87,82.39
4588,3.01,49.34
4589,2.92,60.28
4590,6.62,86.28
4591,8.95,77.12
4592,1.69,32.9
4593,4.71,58.79
4594,3.21,61.5
4595,2.47,43.09
4596,3.35,49.68
4597,1.53,54.73
4598,7.8,78.86
4599,9.03,97.5
4600,5.29,48.04
4601,7.76,79.54
4602,5.88,69.56
4603,9.31,93.79
4604,1.89,62.53
4605,2.68,61.42
4606,5.52,61.83
4607,6.02,73.8
4608,6.09,90.81
4609,1.39,42.27
4610,8.11,73.94
4611,5.34,71.53
4612,3.05,79.38
4613,1.99,31.15
4614,5.57,56.04
4615,6.51,68.88
4616,6.29,63.39
4617,4.85,76.08
4618,1.49,43.47
4619,9.26,100
4620,0.89,31.34
4621,6.24,70.58
4622,7.68,77.26
4623,3.43,69.59
4624,8.08,71.07
4625,0.41,38.46
4626,6.28,76.71
4627,3.25,51.29
4628,8.18,90.77
4629,2.79,57.73
4630,8.29,86.61
4631,8.74,84.56
4632,8.9,92.91
4633,6.76,93.19
4634,5.34,68.34
4635,2.78,50.18
4636,7.88,79.5
4637,5.9,71.95
4638,2.18,50.84
4639,5.53,86.48
4640,2.07,52.16
4641,6.29,73.02
4642,9.66,100
4643,3.83,57.59
4644,5.22,68.28
4645,8.82,94.07
4646,1.34,47.67
4647,9.05,83.2
4648,4.43,57.73
4649,1.21,38.37
4650,2.97,65.36
4651,8.4,70.56
4652,0.3,42.84
4653,2.28,48.31
4654,4.66,49.01
4655,5.88,67.9
4656,7.45,87.47
4657,8.42,86.08
4658,8.21,73.35
4659,6.89,80.67
4660,5.3,70.55
4661,4.97,65.86
4662,9.69,91.44
4663,5.38,61.52
4664,6.33,64.66
4665,9.88,70.81
4666,0.07,32.44
4667,9.25,87.79
4668,9.35,86.96
4669,5.04,69.51
4670,2.05,36.71
4671,3.74,55.67
4672,3.5,57.75
4673,9.67,80.45
4674,5.2,76.5
4675,5.36,54.16
4676,2.27,56.77
4677,6.56,66.58
4678,2.63,55.15
4679,9.05,99.11
4680,6.53,75.08
4681,2.7,53.78
4682,0.11,58.45
4683,3.32,53.11
4684,5.51,64.14
4685,3.51,55.7
4686,6.83,73.88
4687,5.68,74.82
4688,5.48,60.12
4689,0.08,47.6
4690,7.93,74.1
4691,3.38,36.58
4692,7.85,79.53
4693,7.6,73.06
4694,7.64,81.88
4695,6.22,85.57
4696,9.45,77.58
4697,6.37,53.76
4698,3.04,39.88
4699,0.56,15.52
4700,6,50.44
4701,5.86,76.78
4702,4.29,68.85
4703,4.54,57.15
4704,7.52,71.81
4705,5.08,62.12
4706,3.09,65.02
4707,8.14,85.96
4708,2.62,56.22
4709,9.26,81.9
4710,6.43,67.56
4711,4.01,45.71
4712,4.3,30.31
4713,2.75,54.84
4714,2.33,34.72
4715,4.02,53.43
4716,5.01,64.12
4717,7.81,83.24
4718,6.98,78.14
4719,4.53,57.63
4720,4.22,54.78
4721,3.38,64.93
4722,2.38,60.23
4723,4.79,54.5
4724,6.85,64.84
4725,9.12,84.71
4726,1.25,61.79
4727,1.79,49.99
4728,4.46,55.62
4729,3.78,47.67
4730,4.18,62.91
4731,1.46,49.78
4732,9.71,68.1
4733,9.87,96.51
4734,0.14,43.32
4735,3.18,65.1
4736,6.07,69.25
4737,8.18,74.96
4738,6,71.22
4739,5.15,55.74
4740,5.19,77.75
4741,4.3,48.27
4742,9.16,88.24
4743,3.59,61.87
4744,3.12,51.99
4745,2.11,53.56
4746,4.9,56.7
4747,9.1,100
4748,8.14,92.88
4749,7.34,71.38
4750,3.76,71.41
4751,5.12,67.41
4752,4.98,39.93
4753,1.37,54.1
4754,4.51,66.24
4755,3.13,44.26
4756,7.34,74.39
4757,8.3,94.57
4758,5.45,66.47
4759,1.6,55.38
4760,2.27,58.04
4761,2.84,43.88
4762,1.88,52.95
4763,7.83,84.1
4764,4.66,67.74
4765,6.49,58.25
4766,0.36,38.31
4767,2.74,30.66
4768,5.97,75.78
4769,9.51,91.36
4770,1.15,56.33
4771,1.17,46.03
4772,6.32,70.63
4773,9.22,83.73
4774,9.86,78.99
4775,7.92,76.51
4776,9.91,78.59
4777,0.18,66.45
4778,5.79,68.32
4779,6.26,65.02
4780,1.21,46.44
4781,7.88,99.09
4782,8.59,91.52
4783,2.14,82
4784,9.94,78.24
4785,4.96,68.26
4786,4.15,57.47
4787,0.52,44.91
4788,9.84,94.45
4789,1.82,55.83
4790,7.2,70.58
4791,5.54,61.29
4792,1.48,44.2
4793,6.07,71.9
4794,2.17,48.65
4795,4.71,93.67
4796,8.68,92.12
4797,2.19,40.36
4798,8.06,59.99
4799,7.24,93.1
4800,5.19,60.9
4801,9.08,100
4802,0.23,36.13
4803,2.74,47.74
4804,4.53,63.41
4805,5.23,66.55
4806,4.71,48.88
4807,2.98,56.79
4808,1.54,52.33
4809,4.68,68.71
4810,6.46,73.55
4811,5.64,57.44
4812,7.06,84.99
4813,4.59,57.73
4814,3.1,42.71
4815,3.61,49.6
4816,4.87,55.98
4817,3.19,63.3
4818,6.93,97.61
4819,5.14,70.59
4820,7.19,75.77
4821,4.2,65.39
4822,1.42,38.65
4823,2.93,49.65
4824,6.91,78.03
4825,6.47,66.19
4826,4.75,58.67
4827,6.57,62.6
4828,2.23,58.73
4829,5.68,77.39
4830,9.73,98.94
4831,1.35,53.36
4832,7.3,87.77
4833,6.56,95.53
4834,8.79,82.53
4835,6.65,70.56
4836,3.26,49.99
4837,3.89,80.66
4838,0.56,46.28
4839,7.1,63
4840,2.89,56.8
4841,8.97,81.67
4842,8.47,84.24
4843,6.28,64.89
4844,7.44,75.96
4845,7.78,88.8
4846,9.79,74.92
4847,9,71.37
4848,1.24,44.44
4849,9.51,75.55
4850,3.77,58.52
4851,3.15,78.27
4852,5.91,65.36
4853,3.42,52.02
4854,6.81,47.83
4855,3.71,62.58
4856,4.19,45.1
4857,8.65,82.59
4858,9.19,88.88
4859,7.2,56.6
4860,7.94,97.97
4861,8.31,71.1
4862,7.49,86.18
4863,6.18,63.37
4864,3.98,45.65
4865,3.86,50.04
4866,8.85,84.1
4867,0.73,41.19
4868,6.46,74.13
4869,0.44,51.59
4870,2.66,41.79
4871,9.78,72.78
4872,5.04,60.38
4873,5.02,49.2
4874,4.92,61.77
4875,7.12,79.11
4876,0.45,34.64
4877,7.56,70.54
4878,4.85,42.58
4879,9.26,86.24
4880,4.74,58.93
4881,7.37,83.39
4882,7.22,77.83
4883,5.11,80.71
4884,3.95,38.44
4885,7.71,86.95
4886,1.45,42.79
4887,6.36,60.25
4888,4.68,57.47
4889,2.65,51.19
4890,1.91,41.95
4891,8.31,85.49
4892,1.63,30.04
4893,5.65,68.45
4894,5.8,72.11
4895,4.86,85.7
4896,1.36,55.45
4897,1.79,32.99
4898,5.45,54.2
4899,8.75,81.41
4900,5.93,73.35
4901,3.48,66.04
4902,9.59,96.36
4903,4.6,60.94
4904,5.22,84.77
4905,4.89,55.64
4906,8.23,81.51
4907,4.77,62.43
4908,8.78,73.84
4909,7.11,72.88
4910,7.24,86.62
4911,8.16,89.84
4912,4.21,48.13
4913,7.04,77.74
4914,3.94,64.18
4915,0.71,56.28
4916,6.23,63.89
4917,0.08,44.15
4918,6.81,74.27
4919,3.58,43.37
4920,5.77,66.22
4921,4.28,60.82
4922,0.61,46.35
4923,4.41,83.27
4924,8.11,93.78
4925,0.82,52.81
4926,2.89,49.58
4927,2.48,50.55
4928,5.05,64.66
4929,0.34,45.74
4930,1.1,34.69
4931,9.96,94.41
4932,9.44,76.77
4933,7.08,98.3
4934,8.94,82.62
4935,4.98,60.41
4936,6.42,72.63
4937,0.29,30.85
4938,3.53,57.44
4939,3.95,51.18
4940,1.32,37.52
4941,7.94,78.71
4942,5.39,69.64
4943,7.82,78.45
4944,8.26,69.12
4945,6.75,66.07
4946,4.39,56.27
4947,9.21,94.59
4948,7.89,76.3
4949,0.35,44.13
4950,9.82,83.74
4951,1.35,57.66
4952,1.32,35.98
4953,4.92,74.62
4954,7.5,80.56
4955,5.59,64.88
4956,9.55,90.08
4957,2.97,59.54
4958,1.13,45.96
4959,8.85,73.3
4960,8.68,74.12
4961,0.21,35.16
4962,0.01,27.81
4963,1.55,48.24
4964,7.04,63.25
4965,9.46,78.33
4966,6.44,59.8
4967,8.14,84.58
4968,2.03,44.5
4969,0.65,42.9
4970,0.79,43.61
4971,7.95,79.15
4972,9.94,81.41
4973,6.43,84.14
4974,5.65,58.6
4975,0.92,40.26
4976,1.99,40.63
4977,6.4,60.18
4978,9.84,84.41
4979,8.14,81.1
4980,8.64,60.01
4981,1.6,44.07
4982,4.98,79.43
4983,6.98,72.79
4984,7.95,66.8
4985,1.08,48.04
4986,5.61,48.68
4987,7.02,69.55
4988,3.36,50.35
4989,1.63,29.64
4990,3.53,59.25
4991,3.54,62.2
4992,4.38,72.07
4993,1.49,63.04
4994,1.72,43.33
4995,7.57,85.68
4996,4.89,58.91
4997,4.43,65.22
4998,9.91,81.11
4999,6.91,73.79
5000,0.54,55.08
